{"assets":{"8C8FA2335792A4A09FB10CDB1E9595FF":{"type":"texture","index":1,"assetRequest":{"type":"slide","state":"contents","slide":"none"},"url":{"native":"assets\/14EC80E6-5F92-46AA-AB43-F54F13629632.pdf"},"width":310,"height":806},"2E583E6558DE425E10A16F0A0843EDA3":{"type":"texture","index":4,"assetRequest":{"type":"slide","state":"contents","slide":"none"},"url":{"native":"assets\/14EC80E6-5F92-46AA-AB43-F54F13629632.pdf"},"width":468,"height":105},"48EC1DBEFC57AF49492EE88DE8702F5A":{"type":"texture","index":9,"assetRequest":{"type":"slide","state":"contents","slide":"none"},"url":{"native":"assets\/14EC80E6-5F92-46AA-AB43-F54F13629632.pdf"},"width":119,"height":47},"B95DA75BDC52A41AA2D3E82A73DB4BF9":{"type":"texture","index":15,"assetRequest":{"type":"slide","state":"contents","slide":"none"},"url":{"native":"assets\/14EC80E6-5F92-46AA-AB43-F54F13629632.pdf"},"width":858,"height":2241},"EFE5F1E8AD6C8BDAE410928EA406CE4A":{"type":"texture","index":5,"assetRequest":{"type":"slide","state":"contents","slide":"none"},"url":{"native":"assets\/14EC80E6-5F92-46AA-AB43-F54F13629632.pdf"},"width":165,"height":39},"EBDC28D3C183ADC36DF1F8EB11AFE6EF":{"type":"texture","index":7,"assetRequest":{"type":"slide","state":"contents","slide":"none"},"url":{"native":"assets\/14EC80E6-5F92-46AA-AB43-F54F13629632.pdf"},"width":210,"height":69},"6AE314582AC9788734CA873FB8CC8D54":{"type":"texture","index":6,"assetRequest":{"type":"slide","state":"contents","slide":"none"},"url":{"native":"assets\/14EC80E6-5F92-46AA-AB43-F54F13629632.pdf"},"width":600,"height":69},"EED2D15B054B967DC244B70CA8EE429B":{"type":"texture","index":11,"assetRequest":{"type":"slide","state":"contents","slide":"none"},"url":{"native":"assets\/14EC80E6-5F92-46AA-AB43-F54F13629632.pdf"},"width":407,"height":38},"843AABF94958C78F611AF31715432B94":{"type":"texture","index":10,"assetRequest":{"type":"slide","state":"contents","slide":"none"},"url":{"native":"assets\/14EC80E6-5F92-46AA-AB43-F54F13629632.pdf"},"width":599,"height":48},"29979956542B085007F1E0502682F7E3":{"type":"texture","index":2,"assetRequest":{"type":"slide","state":"contents","slide":"none"},"url":{"native":"assets\/14EC80E6-5F92-46AA-AB43-F54F13629632.pdf"},"width":468,"height":105},"5FB00EF3B7C03DECFB342C65DA3E6E4B":{"type":"texture","index":3,"assetRequest":{"type":"slide","state":"contents","slide":"none"},"url":{"native":"assets\/14EC80E6-5F92-46AA-AB43-F54F13629632.pdf"},"width":215,"height":39},"5BA6DF7ACEF516F7DAB78587CF30CE20":{"type":"texture","index":0,"assetRequest":{"type":"slide","state":"contents","slide":"none"},"url":{"native":"assets\/14EC80E6-5F92-46AA-AB43-F54F13629632.pdf"},"width":1920,"height":1080},"21320AA76B9E28A44EA810DDD221F760":{"type":"texture","index":14,"assetRequest":{"type":"slide","state":"contents","slide":"none"},"url":{"native":"assets\/14EC80E6-5F92-46AA-AB43-F54F13629632.pdf"},"width":239,"height":39},"853D2A92C4D3BF437A7B5BBA05E84C78":{"type":"texture","index":12,"assetRequest":{"type":"slide","state":"contents","slide":"none"},"url":{"native":"assets\/14EC80E6-5F92-46AA-AB43-F54F13629632.pdf"},"width":512,"height":49},"0C2DB3914A258DF33B1879150BA9BB42":{"type":"texture","index":8,"assetRequest":{"type":"slide","state":"contents","slide":"none"},"url":{"native":"assets\/14EC80E6-5F92-46AA-AB43-F54F13629632.pdf"},"width":362,"height":49},"2268473E66FE37DAC72B2B8D4F89C179":{"type":"texture","index":13,"assetRequest":{"type":"slide","state":"contents","slide":"none"},"url":{"native":"assets\/14EC80E6-5F92-46AA-AB43-F54F13629632.pdf"},"width":619,"height":48}},"events":[{"effects":[{"beginTime":0,"baseLayer":{"animations":[],"initialState":{"affineTransform":[1,0,0,1,0,0],"masksToBounds":false,"rotation":0,"scale":1,"position":{"pointX":960,"pointY":540},"width":1920,"sublayerTransform":[1,0,0,0,0,1,0,0,0,0,1,0,0,0,0,1],"contentsRect":{"y":0,"x":0,"width":1,"height":1},"opacity":1,"edgeAntialiasingMask":251658240,"height":1080,"hidden":false,"anchorPoint":{"pointX":0.5,"pointY":0.5}},"objectID":"0","layers":[{"animations":[],"initialState":{"affineTransform":[1,0,0,1,0,0],"masksToBounds":false,"rotation":0,"scale":1,"position":{"pointX":960,"pointY":540},"width":1920,"sublayerTransform":[1,0,0,0,0,1,0,0,0,0,1,-0.00035007912466775983,0,0,0,1],"contentsRect":{"y":0,"x":0,"width":1,"height":1},"opacity":1,"edgeAntialiasingMask":251658240,"height":1080,"hidden":false,"anchorPoint":{"pointX":0.5,"pointY":0.5}},"layers":[{"animations":[{"timeOffset":0,"beginTime":0,"repeatCount":0,"animations":[{"timeOffset":0,"from":{"scalar":0},"beginTime":0,"repeatCount":0,"fillMode":"both","duration":2,"autoreverses":false,"timingFunction":"EaseInEaseOut","property":"zPosition","to":{"scalar":0}}],"fillMode":"both","autoreverses":false,"duration":2}],"initialState":{"affineTransform":[1,0,0,1,0,0],"masksToBounds":false,"rotation":0,"scale":1,"position":{"pointX":960,"pointY":540},"width":1920,"sublayerTransform":[1,0,0,0,0,1,0,0,0,0,1,0,0,0,0,1],"contentsRect":{"y":0,"x":0,"width":1,"height":1},"opacity":1,"edgeAntialiasingMask":251658240,"height":1080,"hidden":false,"anchorPoint":{"pointX":0.5,"pointY":0.5}},"layers":[{"animations":[],"layers":[],"texturedRectangle":{"isBackgroundTexture":true,"singleTextureOpacity":1,"textureType":1,"textBaseline":0,"textXHeight":0,"isVerticalText":false},"initialState":{"affineTransform":[1,0,0,1,0,0],"masksToBounds":false,"rotation":0,"scale":1,"position":{"pointX":960,"pointY":540},"width":1920,"sublayerTransform":[1,0,0,0,0,1,0,0,0,0,1,0,0,0,0,1],"contentsRect":{"y":0,"x":0,"width":1,"height":1},"opacity":1,"edgeAntialiasingMask":0,"height":1080,"hidden":false,"anchorPoint":{"pointX":0.5,"pointY":0.5}},"texture":"5BA6DF7ACEF516F7DAB78587CF30CE20"}]}]},{"animations":[{"timeOffset":0,"beginTime":0,"repeatCount":0,"animations":[{"timeOffset":0,"from":{"scalar":0.001},"beginTime":0,"repeatCount":0,"fillMode":"both","duration":2,"autoreverses":false,"timingFunction":"EaseInEaseOut","property":"zPosition","to":{"scalar":0.001}}],"fillMode":"both","autoreverses":false,"duration":2}],"initialState":{"affineTransform":[1,0,0,1,0,0],"masksToBounds":false,"rotation":0,"scale":1,"position":{"pointX":960,"pointY":540},"width":306.2510986328125,"sublayerTransform":[1,0,0,0,0,1,0,0,0,0,1,0,0,0,0,1],"contentsRect":{"y":0,"x":0,"width":1,"height":1},"opacity":1,"edgeAntialiasingMask":251658240,"height":802.32720947265625,"hidden":false,"anchorPoint":{"pointX":0.5,"pointY":0.5}},"layers":[{"animations":[{"timeOffset":0,"beginTime":0,"repeatCount":0,"animations":[{"timeOffset":0,"from":{"scalar":1},"beginTime":0,"repeatCount":0,"fillMode":"both","duration":2,"autoreverses":false,"timingFunction":"EaseInEaseOut","property":"transform.scale.x","to":{"scalar":2.7677419354838708}},{"timeOffset":0,"from":{"scalar":1},"beginTime":0,"repeatCount":0,"fillMode":"both","duration":2,"autoreverses":false,"timingFunction":"EaseInEaseOut","property":"transform.scale.y","to":{"scalar":2.7803970223325063}},{"timeOffset":0,"from":{"texture":"8C8FA2335792A4A09FB10CDB1E9595FF"},"beginTime":0,"repeatCount":0,"fillMode":"both","duration":1.3333999999999999,"autoreverses":false,"timingFunction":"EaseInEaseOut","property":"contents","to":{"texture":"B95DA75BDC52A41AA2D3E82A73DB4BF9"}},{"timeOffset":0,"from":{"pointX":0,"pointY":0},"beginTime":0,"repeatCount":0,"fillMode":"both","duration":2,"autoreverses":false,"timingFunction":"EaseInEaseOut","property":"transform.translation","to":{"pointX":0,"pointY":581.50000000000023}}],"fillMode":"both","autoreverses":false,"duration":2}],"layers":[],"texturedRectangle":{"isBackgroundTexture":true,"singleTextureOpacity":1,"textureType":5,"textBaseline":0,"textXHeight":0,"isVerticalText":false},"initialState":{"affineTransform":[1,0,0,1,0,0],"masksToBounds":false,"rotation":0,"scale":1,"position":{"pointX":153.12554931640625,"pointY":401.16360473632812},"width":310,"sublayerTransform":[1,0,0,0,0,1,0,0,0,0,1,0,0,0,0,1],"contentsRect":{"y":0,"x":0,"width":1,"height":1},"opacity":1,"edgeAntialiasingMask":0,"height":806,"hidden":false,"anchorPoint":{"pointX":0.5,"pointY":0.5}},"texture":"8C8FA2335792A4A09FB10CDB1E9595FF"}]},{"animations":[{"timeOffset":0,"beginTime":0,"repeatCount":0,"animations":[{"timeOffset":0,"from":{"scalar":0.002},"beginTime":0,"repeatCount":0,"fillMode":"both","duration":2,"autoreverses":false,"timingFunction":"EaseInEaseOut","property":"zPosition","to":{"scalar":0.002}}],"fillMode":"both","autoreverses":false,"duration":2}],"initialState":{"affineTransform":[1,0,0,1,0,0],"masksToBounds":false,"rotation":0,"scale":1,"position":{"pointX":960.00003051757812,"pointY":57.931437492370605},"width":465.43426513671875,"sublayerTransform":[1,0,0,0,0,1,0,0,0,0,1,0,0,0,0,1],"contentsRect":{"y":0,"x":0,"width":1,"height":1},"opacity":1,"edgeAntialiasingMask":251658240,"height":101.88973999023438,"hidden":false,"anchorPoint":{"pointX":0.5,"pointY":0.5}},"layers":[{"animations":[{"timeOffset":0,"beginTime":0,"repeatCount":0,"animations":[{"timeOffset":0,"from":{"scalar":1},"beginTime":0,"repeatCount":0,"fillMode":"forwards","duration":0.66659999999999997,"autoreverses":false,"timingFunction":"EaseInEaseOut","property":"opacity","to":{"scalar":0}},{"timeOffset":0,"from":{"scalar":true},"beginTime":0.66659999999999997,"repeatCount":0,"fillMode":"forwards","property":"hidden","autoreverses":false,"duration":1.3334000000000001,"to":{"scalar":true}}],"fillMode":"both","autoreverses":false,"duration":2}],"layers":[],"texturedRectangle":{"singleTextureOpacity":1,"textXHeight":0,"shapePath":{"lineWidth":1,"flatness":0.59999999999999998,"lineCapStyle":0,"elements":[{"type":"MoveToPoint","points":[[18.990086787366863,1.986567497253418]]},{"type":"AddLine","points":[[449.00997424778939,1.986567497253418]]},{"type":"AddCurve","points":[[454.20613559952153,1.986567497253418],[457.3238324105605,1.986567497253418],[459.40229695125345,2.8542985506463232]]},{"type":"AddCurve","points":[[462.39858321302677,3.9448575632725547],[464.75887301991838,6.3051473701641605],[465.84943203254466,9.3014336319374546]]},{"type":"AddCurve","points":[[466.7171630859375,11.37989817263027],[466.7171630859375,14.497594983669494],[466.7171630859375,19.693756335401535]]},{"type":"AddLine","points":[[466.7171630859375,86.16911864933968]]},{"type":"AddCurve","points":[[466.7171630859375,91.36528000107171],[466.7171630859375,94.482976812110934],[465.84943203254466,96.561441352803755]]},{"type":"AddCurve","points":[[464.75887301991838,99.557727614577047],[462.39858321302677,101.91801742146866],[459.40229695125345,103.00857643409489]]},{"type":"AddCurve","points":[[457.3238324105605,103.87630748748779],[454.20613559952153,103.87630748748779],[449.00997424778939,103.87630748748779]]},{"type":"AddLine","points":[[18.990086787366863,103.87630748748779]]},{"type":"AddCurve","points":[[13.793925435634833,103.87630748748779],[10.676228624595637,103.87630748748779],[8.5977640839028027,103.00857643409489]]},{"type":"AddCurve","points":[[5.6014778221294819,101.91801742146866],[3.2411880152378671,99.557727614577047],[2.1506290026117085,96.561441352803755]]},{"type":"AddCurve","points":[[1.28289794921875,94.482976812110934],[1.28289794921875,91.36528000107171],[1.28289794921875,86.16911864933968]]},{"type":"AddLine","points":[[1.28289794921875,19.693756335401535]]},{"type":"AddCurve","points":[[1.28289794921875,14.497594983669494],[1.28289794921875,11.37989817263027],[2.1506290026117085,9.3014336319374529]]},{"type":"AddCurve","points":[[3.2411880152378671,6.3051473701641552],[5.6014778221294819,3.9448575632725529],[8.5977640839028027,2.8542985506463232]]},{"type":"AddCurve","points":[[10.676228624595637,1.986567497253418],[13.793925435634833,1.986567497253418],[18.990086787366863,1.986567497253418]]},{"type":"CloseSubpath"},{"type":"MoveToPoint","points":[[18.990086787366863,1.986567497253418]]}],"windingRule":0,"lineJoinStyle":0,"miterLimit":10},"isBackgroundTexture":true,"textBaseline":0,"isVerticalText":false,"textureType":5},"initialState":{"affineTransform":[1,0,0,1,0,0],"masksToBounds":false,"rotation":0,"scale":1,"position":{"pointX":232.71713256835938,"pointY":50.944869995117188},"width":468,"sublayerTransform":[1,0,0,0,0,1,0,0,0,0,1,0,0,0,0,1],"contentsRect":{"y":0,"x":0,"width":1,"height":1},"opacity":1,"edgeAntialiasingMask":0,"height":105,"hidden":false,"anchorPoint":{"pointX":0.50000006520850027,"pointY":0.50410892849876765}},"texture":"29979956542B085007F1E0502682F7E3"}]},{"animations":[{"timeOffset":0,"beginTime":0,"repeatCount":0,"animations":[{"timeOffset":0,"from":{"scalar":0.0030000000000000001},"beginTime":0,"repeatCount":0,"fillMode":"both","duration":2,"autoreverses":false,"timingFunction":"EaseInEaseOut","property":"zPosition","to":{"scalar":0.0030000000000000001}}],"fillMode":"both","autoreverses":false,"duration":2}],"initialState":{"affineTransform":[1,0,0,1,0,0],"masksToBounds":false,"rotation":0,"scale":1,"position":{"pointX":960.00003051757812,"pointY":57.931437492370605},"width":465.43426513671875,"sublayerTransform":[1,0,0,0,0,1,0,0,0,0,1,0,0,0,0,1],"contentsRect":{"y":0,"x":0,"width":1,"height":1},"opacity":1,"edgeAntialiasingMask":251658240,"height":101.88973999023438,"hidden":false,"anchorPoint":{"pointX":0.5,"pointY":0.5}},"layers":[{"animations":[{"timeOffset":0,"beginTime":0,"repeatCount":0,"animations":[{"timeOffset":0,"from":{"scalar":1},"beginTime":0,"repeatCount":0,"fillMode":"forwards","duration":0.66659999999999997,"autoreverses":false,"timingFunction":"EaseInEaseOut","property":"opacity","to":{"scalar":0}},{"timeOffset":0,"from":{"scalar":true},"beginTime":0.66659999999999997,"repeatCount":0,"fillMode":"forwards","property":"hidden","autoreverses":false,"duration":1.3334000000000001,"to":{"scalar":true}}],"fillMode":"both","autoreverses":false,"duration":2}],"layers":[],"texturedRectangle":{"singleTextureOpacity":1,"textXHeight":0.63630769230769224,"textBaseline":0.95329389816675436,"isBackgroundTexture":true,"isVerticalText":false,"textColor":[0,0,0,1],"textureType":6},"initialState":{"affineTransform":[1,0,0,1,0,0],"masksToBounds":false,"rotation":0,"scale":1,"position":{"pointX":232.71713256835938,"pointY":50.944869995117188},"width":215,"sublayerTransform":[1,0,0,0,0,1,0,0,0,0,1,0,0,0,0,1],"contentsRect":{"y":0,"x":0,"width":1,"height":1},"opacity":1,"edgeAntialiasingMask":0,"height":39,"hidden":false,"anchorPoint":{"pointX":0.49302339775617732,"pointY":0.51106249980437446}},"texture":"5FB00EF3B7C03DECFB342C65DA3E6E4B"}]},{"animations":[{"timeOffset":0,"beginTime":0,"repeatCount":0,"animations":[{"timeOffset":0,"from":{"scalar":0.0040000000000000001},"beginTime":0,"repeatCount":0,"fillMode":"both","duration":2,"autoreverses":false,"timingFunction":"EaseInEaseOut","property":"zPosition","to":{"scalar":0.0040000000000000001}}],"fillMode":"both","autoreverses":false,"duration":2}],"initialState":{"affineTransform":[1,0,0,1,0,0],"masksToBounds":false,"rotation":0,"scale":1,"position":{"pointX":960.00003051757812,"pointY":1022.0685882568359},"width":465.43426513671875,"sublayerTransform":[1,0,0,0,0,1,0,0,0,0,1,0,0,0,0,1],"contentsRect":{"y":0,"x":0,"width":1,"height":1},"opacity":1,"edgeAntialiasingMask":251658240,"height":101.88973999023438,"hidden":false,"anchorPoint":{"pointX":0.5,"pointY":0.5}},"layers":[{"animations":[{"timeOffset":0,"beginTime":0,"repeatCount":0,"animations":[{"timeOffset":0,"from":{"scalar":1},"beginTime":0,"repeatCount":0,"fillMode":"forwards","duration":0.66659999999999997,"autoreverses":false,"timingFunction":"EaseInEaseOut","property":"opacity","to":{"scalar":0}},{"timeOffset":0,"from":{"scalar":true},"beginTime":0.66659999999999997,"repeatCount":0,"fillMode":"forwards","property":"hidden","autoreverses":false,"duration":1.3334000000000001,"to":{"scalar":true}}],"fillMode":"both","autoreverses":false,"duration":2}],"layers":[],"texturedRectangle":{"singleTextureOpacity":1,"textXHeight":0,"shapePath":{"lineWidth":1,"flatness":0.59999999999999998,"lineCapStyle":0,"elements":[{"type":"MoveToPoint","points":[[18.990086787366863,1.12371826171875]]},{"type":"AddLine","points":[[449.00997424778939,1.12371826171875]]},{"type":"AddCurve","points":[[454.20613559952153,1.12371826171875],[457.3238324105605,1.12371826171875],[459.40229695125345,1.9914493151117085]]},{"type":"AddCurve","points":[[462.39858321302677,3.0820083277378671],[464.75887301991838,5.4422981346294819],[465.84943203254466,8.4385843964028027]]},{"type":"AddCurve","points":[[466.7171630859375,10.517048937095637],[466.7171630859375,13.634745748134833],[466.7171630859375,18.830907099866863]]},{"type":"AddLine","points":[[466.7171630859375,85.306269413805012]]},{"type":"AddCurve","points":[[466.7171630859375,90.502430765537156],[466.7171630859375,93.620127576576351],[465.84943203254466,95.698592117269072]]},{"type":"AddCurve","points":[[464.75887301991838,98.694878379042393],[462.39858321302677,101.05516818593401],[459.40229695125345,102.14572719856028]]},{"type":"AddCurve","points":[[457.3238324105605,103.01345825195312],[454.20613559952153,103.01345825195312],[449.00997424778939,103.01345825195312]]},{"type":"AddLine","points":[[18.990086787366863,103.01345825195312]]},{"type":"AddCurve","points":[[13.793925435634833,103.01345825195312],[10.676228624595637,103.01345825195312],[8.5977640839028027,102.14572719856028]]},{"type":"AddCurve","points":[[5.6014778221294819,101.05516818593401],[3.2411880152378671,98.694878379042393],[2.1506290026117085,95.698592117269072]]},{"type":"AddCurve","points":[[1.28289794921875,93.620127576576351],[1.28289794921875,90.502430765537156],[1.28289794921875,85.306269413805012]]},{"type":"AddLine","points":[[1.28289794921875,18.830907099866863]]},{"type":"AddCurve","points":[[1.28289794921875,13.634745748134833],[1.28289794921875,10.517048937095637],[2.1506290026117085,8.4385843964028027]]},{"type":"AddCurve","points":[[3.2411880152378671,5.4422981346294819],[5.6014778221294819,3.0820083277378671],[8.5977640839028027,1.9914493151117085]]},{"type":"AddCurve","points":[[10.676228624595637,1.12371826171875],[13.793925435634833,1.12371826171875],[18.990086787366863,1.12371826171875]]},{"type":"CloseSubpath"},{"type":"MoveToPoint","points":[[18.990086787366863,1.12371826171875]]}],"windingRule":0,"lineJoinStyle":0,"miterLimit":10},"isBackgroundTexture":true,"textBaseline":0,"isVerticalText":false,"textureType":5},"initialState":{"affineTransform":[1,0,0,1,0,0],"masksToBounds":false,"rotation":0,"scale":1,"position":{"pointX":232.71713256835938,"pointY":50.944869995117188},"width":468,"sublayerTransform":[1,0,0,0,0,1,0,0,0,0,1,0,0,0,0,1],"contentsRect":{"y":0,"x":0,"width":1,"height":1},"opacity":1,"edgeAntialiasingMask":0,"height":105,"hidden":false,"anchorPoint":{"pointX":0.50000006520850027,"pointY":0.49589131673177084}},"texture":"2E583E6558DE425E10A16F0A0843EDA3"}]},{"animations":[{"timeOffset":0,"beginTime":0,"repeatCount":0,"animations":[{"timeOffset":0,"from":{"scalar":0.0050000000000000001},"beginTime":0,"repeatCount":0,"fillMode":"both","duration":2,"autoreverses":false,"timingFunction":"EaseInEaseOut","property":"zPosition","to":{"scalar":0.0050000000000000001}}],"fillMode":"both","autoreverses":false,"duration":2}],"initialState":{"affineTransform":[1,0,0,1,0,0],"masksToBounds":false,"rotation":0,"scale":1,"position":{"pointX":960.00003051757812,"pointY":1022.0685882568359},"width":465.43426513671875,"sublayerTransform":[1,0,0,0,0,1,0,0,0,0,1,0,0,0,0,1],"contentsRect":{"y":0,"x":0,"width":1,"height":1},"opacity":1,"edgeAntialiasingMask":251658240,"height":101.88973999023438,"hidden":false,"anchorPoint":{"pointX":0.5,"pointY":0.5}},"layers":[{"animations":[{"timeOffset":0,"beginTime":0,"repeatCount":0,"animations":[{"timeOffset":0,"from":{"scalar":1},"beginTime":0,"repeatCount":0,"fillMode":"forwards","duration":0.66659999999999997,"autoreverses":false,"timingFunction":"EaseInEaseOut","property":"opacity","to":{"scalar":0}},{"timeOffset":0,"from":{"scalar":true},"beginTime":0.66659999999999997,"repeatCount":0,"fillMode":"forwards","property":"hidden","autoreverses":false,"duration":1.3334000000000001,"to":{"scalar":true}}],"fillMode":"both","autoreverses":false,"duration":2}],"layers":[],"texturedRectangle":{"singleTextureOpacity":1,"textXHeight":0.63630769230769224,"textBaseline":0.93116955879407048,"isBackgroundTexture":true,"isVerticalText":false,"textColor":[0,0,0,1],"textureType":6},"initialState":{"affineTransform":[1,0,0,1,0,0],"masksToBounds":false,"rotation":0,"scale":1,"position":{"pointX":232.71713256835938,"pointY":50.944869995117188},"width":165,"sublayerTransform":[1,0,0,0,0,1,0,0,0,0,1,0,0,0,0,1],"contentsRect":{"y":0,"x":0,"width":1,"height":1},"opacity":1,"edgeAntialiasingMask":0,"height":39,"hidden":false,"anchorPoint":{"pointX":0.49090927586410987,"pointY":0.48893816043169069}},"texture":"EFE5F1E8AD6C8BDAE410928EA406CE4A"}]},{"animations":[{"timeOffset":0,"beginTime":0,"repeatCount":0,"animations":[{"timeOffset":0,"from":{"scalar":0.0060000000000000001},"beginTime":0,"repeatCount":0,"fillMode":"both","duration":2,"autoreverses":false,"timingFunction":"EaseInEaseOut","property":"zPosition","to":{"scalar":0.0060000000000000001}}],"fillMode":"both","autoreverses":false,"duration":2}],"initialState":{"affineTransform":[1,0,0,1,0,0],"masksToBounds":false,"rotation":0,"scale":1,"position":{"pointX":347.80558204650879,"pointY":80.042762756347656},"width":623.07500839233398,"sublayerTransform":[1,0,0,0,0,1,0,0,0,0,1,0,0,0,0,1],"contentsRect":{"y":0,"x":0,"width":1,"height":1},"opacity":1,"edgeAntialiasingMask":251658240,"height":142.40461587905884,"hidden":false,"anchorPoint":{"pointX":0.5,"pointY":0.5}},"layers":[{"animations":[{"timeOffset":0,"beginTime":0,"repeatCount":0,"animations":[{"timeOffset":0,"from":{"scalar":1},"beginTime":0,"repeatCount":0,"fillMode":"forwards","duration":0.66659999999999997,"autoreverses":false,"timingFunction":"EaseInEaseOut","property":"opacity","to":{"scalar":0}},{"timeOffset":0,"from":{"scalar":true},"beginTime":0.66659999999999997,"repeatCount":0,"fillMode":"forwards","property":"hidden","autoreverses":false,"duration":1.3334000000000001,"to":{"scalar":true}}],"fillMode":"both","autoreverses":false,"duration":2}],"layers":[],"texturedRectangle":{"singleTextureOpacity":1,"textXHeight":0.4121014492753623,"textBaseline":0.80159904300302698,"isBackgroundTexture":true,"isVerticalText":false,"textColor":[0.99990898370742798,1,0.99987810850143433,1],"textureType":6},"initialState":{"affineTransform":[1,0,0,1,0,0],"masksToBounds":false,"rotation":0,"scale":1,"position":{"pointX":311.53750000000002,"pointY":71.202308654785156},"width":600,"sublayerTransform":[1,0,0,0,0,1,0,0,0,0,1,0,0,0,0,1],"contentsRect":{"y":0,"x":0,"width":1,"height":1},"opacity":1,"edgeAntialiasingMask":0,"height":69,"hidden":false,"anchorPoint":{"pointX":0.51300929641723636,"pointY":0.98612700683483179}},"texture":"6AE314582AC9788734CA873FB8CC8D54"}]},{"animations":[{"timeOffset":0,"beginTime":0,"repeatCount":0,"animations":[{"timeOffset":0,"from":{"scalar":0.0070000000000000001},"beginTime":0,"repeatCount":0,"fillMode":"both","duration":2,"autoreverses":false,"timingFunction":"EaseInEaseOut","property":"zPosition","to":{"scalar":0.0070000000000000001}}],"fillMode":"both","autoreverses":false,"duration":2}],"initialState":{"affineTransform":[1,0,0,1,0,0],"masksToBounds":false,"rotation":0,"scale":1,"position":{"pointX":347.80558204650879,"pointY":80.042762756347656},"width":623.07500839233398,"sublayerTransform":[1,0,0,0,0,1,0,0,0,0,1,0,0,0,0,1],"contentsRect":{"y":0,"x":0,"width":1,"height":1},"opacity":1,"edgeAntialiasingMask":251658240,"height":142.40461587905884,"hidden":false,"anchorPoint":{"pointX":0.5,"pointY":0.5}},"layers":[{"animations":[{"timeOffset":0,"beginTime":0,"repeatCount":0,"animations":[{"timeOffset":0,"from":{"scalar":1},"beginTime":0,"repeatCount":0,"fillMode":"forwards","duration":0.66659999999999997,"autoreverses":false,"timingFunction":"EaseInEaseOut","property":"opacity","to":{"scalar":0}},{"timeOffset":0,"from":{"scalar":true},"beginTime":0.66659999999999997,"repeatCount":0,"fillMode":"forwards","property":"hidden","autoreverses":false,"duration":1.3334000000000001,"to":{"scalar":true}}],"fillMode":"both","autoreverses":false,"duration":2}],"layers":[],"texturedRectangle":{"singleTextureOpacity":1,"textXHeight":0.4121014492753623,"textBaseline":0.80159904300302698,"isBackgroundTexture":true,"isVerticalText":false,"textColor":[0.99990898370742798,1,0.99987810850143433,1],"textureType":6},"initialState":{"affineTransform":[1,0,0,1,0,0],"masksToBounds":false,"rotation":0,"scale":1,"position":{"pointX":311.53750000000002,"pointY":71.202308654785156},"width":210,"sublayerTransform":[1,0,0,0,0,1,0,0,0,0,1,0,0,0,0,1],"contentsRect":{"y":0,"x":0,"width":1,"height":1},"opacity":1,"edgeAntialiasingMask":0,"height":69,"hidden":false,"anchorPoint":{"pointX":1.4657408469063897,"pointY":0.00061976045802019644}},"texture":"EBDC28D3C183ADC36DF1F8EB11AFE6EF"}]},{"animations":[{"timeOffset":0,"beginTime":0,"repeatCount":0,"animations":[{"timeOffset":0,"from":{"scalar":0.0080000000000000002},"beginTime":0,"repeatCount":0,"fillMode":"both","duration":2,"autoreverses":false,"timingFunction":"EaseInEaseOut","property":"zPosition","to":{"scalar":0.0080000000000000002}}],"fillMode":"both","autoreverses":false,"duration":2}],"initialState":{"affineTransform":[1,0,0,1,0,0],"masksToBounds":false,"rotation":0,"scale":1,"position":{"pointX":364.8933801651001,"pointY":405.374267578125},"width":660.93583106994629,"sublayerTransform":[1,0,0,0,0,1,0,0,0,0,1,0,0,0,0,1],"contentsRect":{"y":0,"x":0,"width":1,"height":1},"opacity":1,"edgeAntialiasingMask":251658240,"height":507.26237297058105,"hidden":false,"anchorPoint":{"pointX":0.5,"pointY":0.5}},"layers":[{"animations":[{"timeOffset":0,"beginTime":0,"repeatCount":0,"animations":[{"timeOffset":0,"from":{"scalar":1},"beginTime":0,"repeatCount":0,"fillMode":"forwards","duration":0.66659999999999997,"autoreverses":false,"timingFunction":"EaseInEaseOut","property":"opacity","to":{"scalar":0}},{"timeOffset":0,"from":{"scalar":true},"beginTime":0.66659999999999997,"repeatCount":0,"fillMode":"forwards","property":"hidden","autoreverses":false,"duration":1.3334000000000001,"to":{"scalar":true}}],"fillMode":"both","autoreverses":false,"duration":2}],"layers":[],"texturedRectangle":{"singleTextureOpacity":1,"textXHeight":0.50644897959183677,"textBaseline":0.76754302216743653,"isBackgroundTexture":true,"isVerticalText":false,"textColor":[0.99990898370742798,1,0.99987810850143433,1],"textureType":6},"initialState":{"affineTransform":[1,0,0,1,0,0],"masksToBounds":false,"rotation":0,"scale":1,"position":{"pointX":330.46792602539062,"pointY":253.63119719104725},"width":362,"sublayerTransform":[1,0,0,0,0,1,0,0,0,0,1,0,0,0,0,1],"contentsRect":{"y":0,"x":0,"width":1,"height":1},"opacity":1,"edgeAntialiasingMask":0,"height":49,"hidden":false,"anchorPoint":{"pointX":0.89197069241855687,"pointY":2.9668220057935044}},"texture":"0C2DB3914A258DF33B1879150BA9BB42"}]},{"animations":[{"timeOffset":0,"beginTime":0,"repeatCount":0,"animations":[{"timeOffset":0,"from":{"scalar":0.0090000000000000011},"beginTime":0,"repeatCount":0,"fillMode":"both","duration":2,"autoreverses":false,"timingFunction":"EaseInEaseOut","property":"zPosition","to":{"scalar":0.0090000000000000011}}],"fillMode":"both","autoreverses":false,"duration":2}],"initialState":{"affineTransform":[1,0,0,1,0,0],"masksToBounds":false,"rotation":0,"scale":1,"position":{"pointX":364.8933801651001,"pointY":405.374267578125},"width":660.93583106994629,"sublayerTransform":[1,0,0,0,0,1,0,0,0,0,1,0,0,0,0,1],"contentsRect":{"y":0,"x":0,"width":1,"height":1},"opacity":1,"edgeAntialiasingMask":251658240,"height":507.26237297058105,"hidden":false,"anchorPoint":{"pointX":0.5,"pointY":0.5}},"layers":[{"animations":[{"timeOffset":0,"beginTime":0,"repeatCount":0,"animations":[{"timeOffset":0,"from":{"scalar":1},"beginTime":0,"repeatCount":0,"fillMode":"forwards","duration":0.66659999999999997,"autoreverses":false,"timingFunction":"EaseInEaseOut","property":"opacity","to":{"scalar":0}},{"timeOffset":0,"from":{"scalar":true},"beginTime":0.66659999999999997,"repeatCount":0,"fillMode":"forwards","property":"hidden","autoreverses":false,"duration":1.3334000000000001,"to":{"scalar":true}}],"fillMode":"both","autoreverses":false,"duration":2}],"layers":[],"texturedRectangle":{"singleTextureOpacity":1,"textXHeight":0.52800000000000002,"textBaseline":0.76968531912945681,"isBackgroundTexture":true,"isVerticalText":false,"textColor":[0.99990898370742798,1,0.99987810850143433,1],"textureType":6},"initialState":{"affineTransform":[1,0,0,1,0,0],"masksToBounds":false,"rotation":0,"scale":1,"position":{"pointX":330.46792602539062,"pointY":253.63119719104725},"width":119,"sublayerTransform":[1,0,0,0,0,1,0,0,0,0,1,0,0,0,0,1],"contentsRect":{"y":0,"x":0,"width":1,"height":1},"opacity":1,"edgeAntialiasingMask":0,"height":47,"hidden":false,"anchorPoint":{"pointX":2.7301965601303997,"pointY":5.1143463464655685}},"texture":"48EC1DBEFC57AF49492EE88DE8702F5A"}]},{"animations":[{"timeOffset":0,"beginTime":0,"repeatCount":0,"animations":[{"timeOffset":0,"from":{"scalar":0.01},"beginTime":0,"repeatCount":0,"fillMode":"both","duration":2,"autoreverses":false,"timingFunction":"EaseInEaseOut","property":"zPosition","to":{"scalar":0.01}}],"fillMode":"both","autoreverses":false,"duration":2}],"initialState":{"affineTransform":[1,0,0,1,0,0],"masksToBounds":false,"rotation":0,"scale":1,"position":{"pointX":364.8933801651001,"pointY":405.374267578125},"width":660.93583106994629,"sublayerTransform":[1,0,0,0,0,1,0,0,0,0,1,0,0,0,0,1],"contentsRect":{"y":0,"x":0,"width":1,"height":1},"opacity":1,"edgeAntialiasingMask":251658240,"height":507.26237297058105,"hidden":false,"anchorPoint":{"pointX":0.5,"pointY":0.5}},"layers":[{"animations":[{"timeOffset":0,"beginTime":0,"repeatCount":0,"animations":[{"timeOffset":0,"from":{"scalar":1},"beginTime":0,"repeatCount":0,"fillMode":"forwards","duration":0.66659999999999997,"autoreverses":false,"timingFunction":"EaseInEaseOut","property":"opacity","to":{"scalar":0}},{"timeOffset":0,"from":{"scalar":true},"beginTime":0.66659999999999997,"repeatCount":0,"fillMode":"forwards","property":"hidden","autoreverses":false,"duration":1.3334000000000001,"to":{"scalar":true}}],"fillMode":"both","autoreverses":false,"duration":2}],"layers":[],"texturedRectangle":{"singleTextureOpacity":1,"textXHeight":0.51700000000000002,"textBaseline":0.75996675542592129,"isBackgroundTexture":true,"isVerticalText":false,"textColor":[0.99990898370742798,1,0.99987810850143433,1],"textureType":6},"initialState":{"affineTransform":[1,0,0,1,0,0],"masksToBounds":false,"rotation":0,"scale":1,"position":{"pointX":330.46792602539062,"pointY":253.63119719104725},"width":599,"sublayerTransform":[1,0,0,0,0,1,0,0,0,0,1,0,0,0,0,1],"contentsRect":{"y":0,"x":0,"width":1,"height":1},"opacity":1,"edgeAntialiasingMask":0,"height":48,"hidden":false,"anchorPoint":{"pointX":0.46559831495078058,"pointY":-0.075535869085797458}},"texture":"843AABF94958C78F611AF31715432B94"}]},{"animations":[{"timeOffset":0,"beginTime":0,"repeatCount":0,"animations":[{"timeOffset":0,"from":{"scalar":0.010999999999999999},"beginTime":0,"repeatCount":0,"fillMode":"both","duration":2,"autoreverses":false,"timingFunction":"EaseInEaseOut","property":"zPosition","to":{"scalar":0.010999999999999999}}],"fillMode":"both","autoreverses":false,"duration":2}],"initialState":{"affineTransform":[1,0,0,1,0,0],"masksToBounds":false,"rotation":0,"scale":1,"position":{"pointX":364.8933801651001,"pointY":405.374267578125},"width":660.93583106994629,"sublayerTransform":[1,0,0,0,0,1,0,0,0,0,1,0,0,0,0,1],"contentsRect":{"y":0,"x":0,"width":1,"height":1},"opacity":1,"edgeAntialiasingMask":251658240,"height":507.26237297058105,"hidden":false,"anchorPoint":{"pointX":0.5,"pointY":0.5}},"layers":[{"animations":[{"timeOffset":0,"beginTime":0,"repeatCount":0,"animations":[{"timeOffset":0,"from":{"scalar":1},"beginTime":0,"repeatCount":0,"fillMode":"forwards","duration":0.66659999999999997,"autoreverses":false,"timingFunction":"EaseInEaseOut","property":"opacity","to":{"scalar":0}},{"timeOffset":0,"from":{"scalar":true},"beginTime":0.66659999999999997,"repeatCount":0,"fillMode":"forwards","property":"hidden","autoreverses":false,"duration":1.3334000000000001,"to":{"scalar":true}}],"fillMode":"both","autoreverses":false,"duration":2}],"layers":[],"texturedRectangle":{"singleTextureOpacity":1,"textXHeight":0.65305263157894733,"textBaseline":0.9485264782453765,"isBackgroundTexture":true,"isVerticalText":false,"textColor":[0.99990898370742798,1,0.99987810850143433,1],"textureType":6},"initialState":{"affineTransform":[1,0,0,1,0,0],"masksToBounds":false,"rotation":0,"scale":1,"position":{"pointX":330.46792602539062,"pointY":253.63119719104725},"width":407,"sublayerTransform":[1,0,0,0,0,1,0,0,0,0,1,0,0,0,0,1],"contentsRect":{"y":0,"x":0,"width":1,"height":1},"opacity":1,"edgeAntialiasingMask":0,"height":38,"hidden":false,"anchorPoint":{"pointX":0.79334985419046089,"pointY":1.2466915337863611}},"texture":"EED2D15B054B967DC244B70CA8EE429B"}]},{"animations":[{"timeOffset":0,"beginTime":0,"repeatCount":0,"animations":[{"timeOffset":0,"from":{"scalar":0.012},"beginTime":0,"repeatCount":0,"fillMode":"both","duration":2,"autoreverses":false,"timingFunction":"EaseInEaseOut","property":"zPosition","to":{"scalar":0.012}}],"fillMode":"both","autoreverses":false,"duration":2}],"initialState":{"affineTransform":[1,0,0,1,0,0],"masksToBounds":false,"rotation":0,"scale":1,"position":{"pointX":364.8933801651001,"pointY":405.374267578125},"width":660.93583106994629,"sublayerTransform":[1,0,0,0,0,1,0,0,0,0,1,0,0,0,0,1],"contentsRect":{"y":0,"x":0,"width":1,"height":1},"opacity":1,"edgeAntialiasingMask":251658240,"height":507.26237297058105,"hidden":false,"anchorPoint":{"pointX":0.5,"pointY":0.5}},"layers":[{"animations":[{"timeOffset":0,"beginTime":0,"repeatCount":0,"animations":[{"timeOffset":0,"from":{"scalar":1},"beginTime":0,"repeatCount":0,"fillMode":"forwards","duration":0.66659999999999997,"autoreverses":false,"timingFunction":"EaseInEaseOut","property":"opacity","to":{"scalar":0}},{"timeOffset":0,"from":{"scalar":true},"beginTime":0.66659999999999997,"repeatCount":0,"fillMode":"forwards","property":"hidden","autoreverses":false,"duration":1.3334000000000001,"to":{"scalar":true}}],"fillMode":"both","autoreverses":false,"duration":2}],"layers":[],"texturedRectangle":{"singleTextureOpacity":1,"textXHeight":0.50644897959183677,"textBaseline":0.76218776397314403,"isBackgroundTexture":true,"isVerticalText":false,"textColor":[0.99990898370742798,1,0.99987810850143433,1],"textureType":6},"initialState":{"affineTransform":[1,0,0,1,0,0],"masksToBounds":false,"rotation":0,"scale":1,"position":{"pointX":330.46792602539062,"pointY":253.63119719104725},"width":512,"sublayerTransform":[1,0,0,0,0,1,0,0,0,0,1,0,0,0,0,1],"contentsRect":{"y":0,"x":0,"width":1,"height":1},"opacity":1,"edgeAntialiasingMask":0,"height":49,"hidden":false,"anchorPoint":{"pointX":0.54276052862405777,"pointY":-3.0739943207371079}},"texture":"853D2A92C4D3BF437A7B5BBA05E84C78"}]},{"animations":[{"timeOffset":0,"beginTime":0,"repeatCount":0,"animations":[{"timeOffset":0,"from":{"scalar":0.013000000000000001},"beginTime":0,"repeatCount":0,"fillMode":"both","duration":2,"autoreverses":false,"timingFunction":"EaseInEaseOut","property":"zPosition","to":{"scalar":0.013000000000000001}}],"fillMode":"both","autoreverses":false,"duration":2}],"initialState":{"affineTransform":[1,0,0,1,0,0],"masksToBounds":false,"rotation":0,"scale":1,"position":{"pointX":364.8933801651001,"pointY":405.374267578125},"width":660.93583106994629,"sublayerTransform":[1,0,0,0,0,1,0,0,0,0,1,0,0,0,0,1],"contentsRect":{"y":0,"x":0,"width":1,"height":1},"opacity":1,"edgeAntialiasingMask":251658240,"height":507.26237297058105,"hidden":false,"anchorPoint":{"pointX":0.5,"pointY":0.5}},"layers":[{"animations":[{"timeOffset":0,"beginTime":0,"repeatCount":0,"animations":[{"timeOffset":0,"from":{"scalar":1},"beginTime":0,"repeatCount":0,"fillMode":"forwards","duration":0.66659999999999997,"autoreverses":false,"timingFunction":"EaseInEaseOut","property":"opacity","to":{"scalar":0}},{"timeOffset":0,"from":{"scalar":true},"beginTime":0.66659999999999997,"repeatCount":0,"fillMode":"forwards","property":"hidden","autoreverses":false,"duration":1.3334000000000001,"to":{"scalar":true}}],"fillMode":"both","autoreverses":false,"duration":2}],"layers":[],"texturedRectangle":{"singleTextureOpacity":1,"textXHeight":0.51700000000000002,"textBaseline":0.76901671557425288,"isBackgroundTexture":true,"isVerticalText":false,"textColor":[0.99990898370742798,1,0.99987810850143433,1],"textureType":6},"initialState":{"affineTransform":[1,0,0,1,0,0],"masksToBounds":false,"rotation":0,"scale":1,"position":{"pointX":330.46792602539062,"pointY":253.63119719104725},"width":619,"sublayerTransform":[1,0,0,0,0,1,0,0,0,0,1,0,0,0,0,1],"contentsRect":{"y":0,"x":0,"width":1,"height":1},"opacity":1,"edgeAntialiasingMask":0,"height":48,"hidden":false,"anchorPoint":{"pointX":0.52163714160826746,"pointY":-2.0755358690857975}},"texture":"2268473E66FE37DAC72B2B8D4F89C179"}]},{"animations":[{"timeOffset":0,"beginTime":0,"repeatCount":0,"animations":[{"timeOffset":0,"from":{"scalar":0.014},"beginTime":0,"repeatCount":0,"fillMode":"both","duration":2,"autoreverses":false,"timingFunction":"EaseInEaseOut","property":"zPosition","to":{"scalar":0.014}}],"fillMode":"both","autoreverses":false,"duration":2}],"initialState":{"affineTransform":[1,0,0,1,0,0],"masksToBounds":false,"rotation":0,"scale":1,"position":{"pointX":364.8933801651001,"pointY":405.374267578125},"width":660.93583106994629,"sublayerTransform":[1,0,0,0,0,1,0,0,0,0,1,0,0,0,0,1],"contentsRect":{"y":0,"x":0,"width":1,"height":1},"opacity":1,"edgeAntialiasingMask":251658240,"height":507.26237297058105,"hidden":false,"anchorPoint":{"pointX":0.5,"pointY":0.5}},"layers":[{"animations":[{"timeOffset":0,"beginTime":0,"repeatCount":0,"animations":[{"timeOffset":0,"from":{"scalar":1},"beginTime":0,"repeatCount":0,"fillMode":"forwards","duration":0.66659999999999997,"autoreverses":false,"timingFunction":"EaseInEaseOut","property":"opacity","to":{"scalar":0}},{"timeOffset":0,"from":{"scalar":true},"beginTime":0.66659999999999997,"repeatCount":0,"fillMode":"forwards","property":"hidden","autoreverses":false,"duration":1.3334000000000001,"to":{"scalar":true}}],"fillMode":"both","autoreverses":false,"duration":2}],"layers":[],"texturedRectangle":{"singleTextureOpacity":1,"textXHeight":0.63630769230769224,"textBaseline":0.94311791081548646,"isBackgroundTexture":true,"isVerticalText":false,"textColor":[0.99990898370742798,1,0.99987810850143433,1],"textureType":6},"initialState":{"affineTransform":[1,0,0,1,0,0],"masksToBounds":false,"rotation":0,"scale":1,"position":{"pointX":330.46792602539062,"pointY":253.63119719104725},"width":239,"sublayerTransform":[1,0,0,0,0,1,0,0,0,0,1,0,0,0,0,1],"contentsRect":{"y":0,"x":0,"width":1,"height":1},"opacity":1,"edgeAntialiasingMask":0,"height":39,"hidden":false,"anchorPoint":{"pointX":1.1669179525335462,"pointY":-5.195531326054315}},"texture":"21320AA76B9E28A44EA810DDD221F760"}]}]},"effects":[],"duration":2,"type":"transition","attributes":{"direction":0},"name":"apple:magic-move-implied-motion-path","objectID":"0"}],"automaticPlay":false,"hyperlinks":[],"accessibility":[{"text":"Results","targetRectangle":{"y":993.12371826171875,"x":877.29809664819777,"width":165.4079999999999,"height":56.607666015625}},{"text":"Raw Data","targetRectangle":{"y":28.986567497253418,"x":852.41009664819774,"width":215.18400000000008,"height":56.607666015625}},{"text":"Input:","targetRectangle":{"y":155.74308109283447,"x":38.425464630126953,"width":122.73599999999999,"height":55.656005859375}},{"text":"RNA-Seq Data","targetRectangle":{"y":207.17747917995439,"x":86.425464630126953,"width":316.464,"height":100.656005859375}},{"text":"Newick Tree with divergence estimate in MYA","targetRectangle":{"y":303.61187726707431,"x":86.425464630126953,"width":596.11200000000008,"height":152.09040394649492}},{"text":"At least one species with a reference transcriptome annotation.","targetRectangle":{"y":451.48067344131414,"x":86.425464630126953,"width":586.70399999999995,"height":203.52480203361483}},{"text":"Dosage Compensation ","targetRectangle":{"y":12.840454816818237,"x":40.268077850341797,"width":614.07500000000005,"height":66.404617309570312}},{"text":"Pipeline","targetRectangle":{"y":80.840454816818237,"x":40.268077850341797,"width":208.61499999999998,"height":66.404617309570312}},{"text":"dag_denovo.png","targetRectangle":{"y":138.83639526367188,"x":806.87445068359375,"width":306.2510986328125,"height":802.32720947265625}}],"baseLayer":{"animations":[],"initialState":{"affineTransform":[1,0,0,1,0,0],"masksToBounds":false,"rotation":0,"scale":1,"position":{"pointX":960,"pointY":540},"width":1920,"sublayerTransform":[1,0,0,0,0,1,0,0,0,0,1,0,0,0,0,1],"contentsRect":{"y":0,"x":0,"width":1,"height":1},"opacity":1,"edgeAntialiasingMask":251658240,"height":1080,"hidden":false,"anchorPoint":{"pointX":0.5,"pointY":0.5}},"objectID":"0","layers":[{"animations":[],"initialState":{"affineTransform":[1,0,0,1,0,0],"masksToBounds":false,"rotation":0,"scale":1,"position":{"pointX":960,"pointY":540},"width":1920,"sublayerTransform":[1,0,0,0,0,1,0,0,0,0,1,-0.00035007912466775983,0,0,0,1],"contentsRect":{"y":0,"x":0,"width":1,"height":1},"opacity":1,"edgeAntialiasingMask":251658240,"height":1080,"hidden":false,"anchorPoint":{"pointX":0.5,"pointY":0.5}},"layers":[{"animations":[],"initialState":{"affineTransform":[1,0,0,1,0,0],"masksToBounds":false,"rotation":0,"scale":1,"position":{"pointX":960,"pointY":540},"width":1920,"sublayerTransform":[1,0,0,0,0,1,0,0,0,0,1,0,0,0,0,1],"contentsRect":{"y":0,"x":0,"width":1,"height":1},"opacity":1,"edgeAntialiasingMask":251658240,"height":1080,"hidden":false,"anchorPoint":{"pointX":0.5,"pointY":0.5}},"layers":[{"animations":[],"layers":[],"texturedRectangle":{"isBackgroundTexture":true,"singleTextureOpacity":1,"textureType":1,"textBaseline":0,"textXHeight":0,"isVerticalText":false},"initialState":{"affineTransform":[1,0,0,1,0,0],"masksToBounds":false,"rotation":0,"scale":1,"position":{"pointX":960,"pointY":540},"width":1920,"sublayerTransform":[1,0,0,0,0,1,0,0,0,0,1,0,0,0,0,1],"contentsRect":{"y":0,"x":0,"width":1,"height":1},"opacity":1,"edgeAntialiasingMask":0,"height":1080,"hidden":false,"anchorPoint":{"pointX":0.5,"pointY":0.5}},"texture":"5BA6DF7ACEF516F7DAB78587CF30CE20"}]}]},{"animations":[],"initialState":{"affineTransform":[1,0,0,1,0,0],"masksToBounds":false,"rotation":0,"scale":1,"position":{"pointX":960,"pointY":540},"width":306.2510986328125,"sublayerTransform":[1,0,0,0,0,1,0,0,0,0,1,0,0,0,0,1],"contentsRect":{"y":0,"x":0,"width":1,"height":1},"opacity":1,"edgeAntialiasingMask":251658240,"height":802.32720947265625,"hidden":false,"anchorPoint":{"pointX":0.5,"pointY":0.5}},"layers":[{"animations":[],"layers":[],"texturedRectangle":{"isBackgroundTexture":true,"singleTextureOpacity":1,"textureType":5,"textBaseline":0,"textXHeight":0,"isVerticalText":false},"initialState":{"affineTransform":[1,0,0,1,0,0],"masksToBounds":false,"rotation":0,"scale":1,"position":{"pointX":153.12554931640625,"pointY":401.16360473632812},"width":310,"sublayerTransform":[1,0,0,0,0,1,0,0,0,0,1,0,0,0,0,1],"contentsRect":{"y":0,"x":0,"width":1,"height":1},"opacity":1,"edgeAntialiasingMask":0,"height":806,"hidden":false,"anchorPoint":{"pointX":0.5,"pointY":0.5}},"texture":"8C8FA2335792A4A09FB10CDB1E9595FF"}]},{"animations":[],"initialState":{"affineTransform":[1,0,0,1,0,0],"masksToBounds":false,"rotation":0,"scale":1,"position":{"pointX":960.00003051757812,"pointY":57.931437492370605},"width":465.43426513671875,"sublayerTransform":[1,0,0,0,0,1,0,0,0,0,1,0,0,0,0,1],"contentsRect":{"y":0,"x":0,"width":1,"height":1},"opacity":1,"edgeAntialiasingMask":251658240,"height":101.88973999023438,"hidden":false,"anchorPoint":{"pointX":0.5,"pointY":0.5}},"layers":[{"animations":[],"layers":[],"texturedRectangle":{"singleTextureOpacity":1,"textXHeight":0,"shapePath":{"lineWidth":1,"flatness":0.59999999999999998,"lineCapStyle":0,"elements":[{"type":"MoveToPoint","points":[[18.990086787366863,1.986567497253418]]},{"type":"AddLine","points":[[449.00997424778939,1.986567497253418]]},{"type":"AddCurve","points":[[454.20613559952153,1.986567497253418],[457.3238324105605,1.986567497253418],[459.40229695125345,2.8542985506463232]]},{"type":"AddCurve","points":[[462.39858321302677,3.9448575632725547],[464.75887301991838,6.3051473701641605],[465.84943203254466,9.3014336319374546]]},{"type":"AddCurve","points":[[466.7171630859375,11.37989817263027],[466.7171630859375,14.497594983669494],[466.7171630859375,19.693756335401535]]},{"type":"AddLine","points":[[466.7171630859375,86.16911864933968]]},{"type":"AddCurve","points":[[466.7171630859375,91.36528000107171],[466.7171630859375,94.482976812110934],[465.84943203254466,96.561441352803755]]},{"type":"AddCurve","points":[[464.75887301991838,99.557727614577047],[462.39858321302677,101.91801742146866],[459.40229695125345,103.00857643409489]]},{"type":"AddCurve","points":[[457.3238324105605,103.87630748748779],[454.20613559952153,103.87630748748779],[449.00997424778939,103.87630748748779]]},{"type":"AddLine","points":[[18.990086787366863,103.87630748748779]]},{"type":"AddCurve","points":[[13.793925435634833,103.87630748748779],[10.676228624595637,103.87630748748779],[8.5977640839028027,103.00857643409489]]},{"type":"AddCurve","points":[[5.6014778221294819,101.91801742146866],[3.2411880152378671,99.557727614577047],[2.1506290026117085,96.561441352803755]]},{"type":"AddCurve","points":[[1.28289794921875,94.482976812110934],[1.28289794921875,91.36528000107171],[1.28289794921875,86.16911864933968]]},{"type":"AddLine","points":[[1.28289794921875,19.693756335401535]]},{"type":"AddCurve","points":[[1.28289794921875,14.497594983669494],[1.28289794921875,11.37989817263027],[2.1506290026117085,9.3014336319374529]]},{"type":"AddCurve","points":[[3.2411880152378671,6.3051473701641552],[5.6014778221294819,3.9448575632725529],[8.5977640839028027,2.8542985506463232]]},{"type":"AddCurve","points":[[10.676228624595637,1.986567497253418],[13.793925435634833,1.986567497253418],[18.990086787366863,1.986567497253418]]},{"type":"CloseSubpath"},{"type":"MoveToPoint","points":[[18.990086787366863,1.986567497253418]]}],"windingRule":0,"lineJoinStyle":0,"miterLimit":10},"isBackgroundTexture":true,"textBaseline":0,"isVerticalText":false,"textureType":5},"initialState":{"affineTransform":[1,0,0,1,0,0],"masksToBounds":false,"rotation":0,"scale":1,"position":{"pointX":232.71713256835938,"pointY":50.944869995117188},"width":468,"sublayerTransform":[1,0,0,0,0,1,0,0,0,0,1,0,0,0,0,1],"contentsRect":{"y":0,"x":0,"width":1,"height":1},"opacity":1,"edgeAntialiasingMask":0,"height":105,"hidden":false,"anchorPoint":{"pointX":0.50000006520850027,"pointY":0.50410892849876765}},"texture":"29979956542B085007F1E0502682F7E3"}]},{"animations":[],"initialState":{"affineTransform":[1,0,0,1,0,0],"masksToBounds":false,"rotation":0,"scale":1,"position":{"pointX":960.00003051757812,"pointY":57.931437492370605},"width":465.43426513671875,"sublayerTransform":[1,0,0,0,0,1,0,0,0,0,1,0,0,0,0,1],"contentsRect":{"y":0,"x":0,"width":1,"height":1},"opacity":1,"edgeAntialiasingMask":251658240,"height":101.88973999023438,"hidden":false,"anchorPoint":{"pointX":0.5,"pointY":0.5}},"layers":[{"animations":[],"layers":[],"texturedRectangle":{"singleTextureOpacity":1,"textXHeight":0.63630769230769224,"textBaseline":0.95329389816675436,"isBackgroundTexture":true,"isVerticalText":false,"textColor":[0,0,0,1],"textureType":6},"initialState":{"affineTransform":[1,0,0,1,0,0],"masksToBounds":false,"rotation":0,"scale":1,"position":{"pointX":232.71713256835938,"pointY":50.944869995117188},"width":215,"sublayerTransform":[1,0,0,0,0,1,0,0,0,0,1,0,0,0,0,1],"contentsRect":{"y":0,"x":0,"width":1,"height":1},"opacity":1,"edgeAntialiasingMask":0,"height":39,"hidden":false,"anchorPoint":{"pointX":0.49302339775617732,"pointY":0.51106249980437446}},"texture":"5FB00EF3B7C03DECFB342C65DA3E6E4B"}]},{"animations":[],"initialState":{"affineTransform":[1,0,0,1,0,0],"masksToBounds":false,"rotation":0,"scale":1,"position":{"pointX":960.00003051757812,"pointY":1022.0685882568359},"width":465.43426513671875,"sublayerTransform":[1,0,0,0,0,1,0,0,0,0,1,0,0,0,0,1],"contentsRect":{"y":0,"x":0,"width":1,"height":1},"opacity":1,"edgeAntialiasingMask":251658240,"height":101.88973999023438,"hidden":false,"anchorPoint":{"pointX":0.5,"pointY":0.5}},"layers":[{"animations":[],"layers":[],"texturedRectangle":{"singleTextureOpacity":1,"textXHeight":0,"shapePath":{"lineWidth":1,"flatness":0.59999999999999998,"lineCapStyle":0,"elements":[{"type":"MoveToPoint","points":[[18.990086787366863,1.12371826171875]]},{"type":"AddLine","points":[[449.00997424778939,1.12371826171875]]},{"type":"AddCurve","points":[[454.20613559952153,1.12371826171875],[457.3238324105605,1.12371826171875],[459.40229695125345,1.9914493151117085]]},{"type":"AddCurve","points":[[462.39858321302677,3.0820083277378671],[464.75887301991838,5.4422981346294819],[465.84943203254466,8.4385843964028027]]},{"type":"AddCurve","points":[[466.7171630859375,10.517048937095637],[466.7171630859375,13.634745748134833],[466.7171630859375,18.830907099866863]]},{"type":"AddLine","points":[[466.7171630859375,85.306269413805012]]},{"type":"AddCurve","points":[[466.7171630859375,90.502430765537156],[466.7171630859375,93.620127576576351],[465.84943203254466,95.698592117269072]]},{"type":"AddCurve","points":[[464.75887301991838,98.694878379042393],[462.39858321302677,101.05516818593401],[459.40229695125345,102.14572719856028]]},{"type":"AddCurve","points":[[457.3238324105605,103.01345825195312],[454.20613559952153,103.01345825195312],[449.00997424778939,103.01345825195312]]},{"type":"AddLine","points":[[18.990086787366863,103.01345825195312]]},{"type":"AddCurve","points":[[13.793925435634833,103.01345825195312],[10.676228624595637,103.01345825195312],[8.5977640839028027,102.14572719856028]]},{"type":"AddCurve","points":[[5.6014778221294819,101.05516818593401],[3.2411880152378671,98.694878379042393],[2.1506290026117085,95.698592117269072]]},{"type":"AddCurve","points":[[1.28289794921875,93.620127576576351],[1.28289794921875,90.502430765537156],[1.28289794921875,85.306269413805012]]},{"type":"AddLine","points":[[1.28289794921875,18.830907099866863]]},{"type":"AddCurve","points":[[1.28289794921875,13.634745748134833],[1.28289794921875,10.517048937095637],[2.1506290026117085,8.4385843964028027]]},{"type":"AddCurve","points":[[3.2411880152378671,5.4422981346294819],[5.6014778221294819,3.0820083277378671],[8.5977640839028027,1.9914493151117085]]},{"type":"AddCurve","points":[[10.676228624595637,1.12371826171875],[13.793925435634833,1.12371826171875],[18.990086787366863,1.12371826171875]]},{"type":"CloseSubpath"},{"type":"MoveToPoint","points":[[18.990086787366863,1.12371826171875]]}],"windingRule":0,"lineJoinStyle":0,"miterLimit":10},"isBackgroundTexture":true,"textBaseline":0,"isVerticalText":false,"textureType":5},"initialState":{"affineTransform":[1,0,0,1,0,0],"masksToBounds":false,"rotation":0,"scale":1,"position":{"pointX":232.71713256835938,"pointY":50.944869995117188},"width":468,"sublayerTransform":[1,0,0,0,0,1,0,0,0,0,1,0,0,0,0,1],"contentsRect":{"y":0,"x":0,"width":1,"height":1},"opacity":1,"edgeAntialiasingMask":0,"height":105,"hidden":false,"anchorPoint":{"pointX":0.50000006520850027,"pointY":0.49589131673177084}},"texture":"2E583E6558DE425E10A16F0A0843EDA3"}]},{"animations":[],"initialState":{"affineTransform":[1,0,0,1,0,0],"masksToBounds":false,"rotation":0,"scale":1,"position":{"pointX":960.00003051757812,"pointY":1022.0685882568359},"width":465.43426513671875,"sublayerTransform":[1,0,0,0,0,1,0,0,0,0,1,0,0,0,0,1],"contentsRect":{"y":0,"x":0,"width":1,"height":1},"opacity":1,"edgeAntialiasingMask":251658240,"height":101.88973999023438,"hidden":false,"anchorPoint":{"pointX":0.5,"pointY":0.5}},"layers":[{"animations":[],"layers":[],"texturedRectangle":{"singleTextureOpacity":1,"textXHeight":0.63630769230769224,"textBaseline":0.93116955879407048,"isBackgroundTexture":true,"isVerticalText":false,"textColor":[0,0,0,1],"textureType":6},"initialState":{"affineTransform":[1,0,0,1,0,0],"masksToBounds":false,"rotation":0,"scale":1,"position":{"pointX":232.71713256835938,"pointY":50.944869995117188},"width":165,"sublayerTransform":[1,0,0,0,0,1,0,0,0,0,1,0,0,0,0,1],"contentsRect":{"y":0,"x":0,"width":1,"height":1},"opacity":1,"edgeAntialiasingMask":0,"height":39,"hidden":false,"anchorPoint":{"pointX":0.49090927586410987,"pointY":0.48893816043169069}},"texture":"EFE5F1E8AD6C8BDAE410928EA406CE4A"}]},{"animations":[],"initialState":{"affineTransform":[1,0,0,1,0,0],"masksToBounds":false,"rotation":0,"scale":1,"position":{"pointX":347.80558204650879,"pointY":80.042762756347656},"width":623.07500839233398,"sublayerTransform":[1,0,0,0,0,1,0,0,0,0,1,0,0,0,0,1],"contentsRect":{"y":0,"x":0,"width":1,"height":1},"opacity":1,"edgeAntialiasingMask":251658240,"height":142.40461587905884,"hidden":false,"anchorPoint":{"pointX":0.5,"pointY":0.5}},"layers":[{"animations":[],"layers":[],"texturedRectangle":{"singleTextureOpacity":1,"textXHeight":0.4121014492753623,"textBaseline":0.80159904300302698,"isBackgroundTexture":true,"isVerticalText":false,"textColor":[0.99990898370742798,1,0.99987810850143433,1],"textureType":6},"initialState":{"affineTransform":[1,0,0,1,0,0],"masksToBounds":false,"rotation":0,"scale":1,"position":{"pointX":311.53750000000002,"pointY":71.202308654785156},"width":600,"sublayerTransform":[1,0,0,0,0,1,0,0,0,0,1,0,0,0,0,1],"contentsRect":{"y":0,"x":0,"width":1,"height":1},"opacity":1,"edgeAntialiasingMask":0,"height":69,"hidden":false,"anchorPoint":{"pointX":0.51300929641723636,"pointY":0.98612700683483179}},"texture":"6AE314582AC9788734CA873FB8CC8D54"}]},{"animations":[],"initialState":{"affineTransform":[1,0,0,1,0,0],"masksToBounds":false,"rotation":0,"scale":1,"position":{"pointX":347.80558204650879,"pointY":80.042762756347656},"width":623.07500839233398,"sublayerTransform":[1,0,0,0,0,1,0,0,0,0,1,0,0,0,0,1],"contentsRect":{"y":0,"x":0,"width":1,"height":1},"opacity":1,"edgeAntialiasingMask":251658240,"height":142.40461587905884,"hidden":false,"anchorPoint":{"pointX":0.5,"pointY":0.5}},"layers":[{"animations":[],"layers":[],"texturedRectangle":{"singleTextureOpacity":1,"textXHeight":0.4121014492753623,"textBaseline":0.80159904300302698,"isBackgroundTexture":true,"isVerticalText":false,"textColor":[0.99990898370742798,1,0.99987810850143433,1],"textureType":6},"initialState":{"affineTransform":[1,0,0,1,0,0],"masksToBounds":false,"rotation":0,"scale":1,"position":{"pointX":311.53750000000002,"pointY":71.202308654785156},"width":210,"sublayerTransform":[1,0,0,0,0,1,0,0,0,0,1,0,0,0,0,1],"contentsRect":{"y":0,"x":0,"width":1,"height":1},"opacity":1,"edgeAntialiasingMask":0,"height":69,"hidden":false,"anchorPoint":{"pointX":1.4657408469063897,"pointY":0.00061976045802019644}},"texture":"EBDC28D3C183ADC36DF1F8EB11AFE6EF"}]},{"animations":[],"initialState":{"affineTransform":[1,0,0,1,0,0],"masksToBounds":false,"rotation":0,"scale":1,"position":{"pointX":364.8933801651001,"pointY":405.374267578125},"width":660.93583106994629,"sublayerTransform":[1,0,0,0,0,1,0,0,0,0,1,0,0,0,0,1],"contentsRect":{"y":0,"x":0,"width":1,"height":1},"opacity":1,"edgeAntialiasingMask":251658240,"height":507.26237297058105,"hidden":false,"anchorPoint":{"pointX":0.5,"pointY":0.5}},"layers":[{"animations":[],"layers":[],"texturedRectangle":{"singleTextureOpacity":1,"textXHeight":0.50644897959183677,"textBaseline":0.76754302216743653,"isBackgroundTexture":true,"isVerticalText":false,"textColor":[0.99990898370742798,1,0.99987810850143433,1],"textureType":6},"initialState":{"affineTransform":[1,0,0,1,0,0],"masksToBounds":false,"rotation":0,"scale":1,"position":{"pointX":330.46792602539062,"pointY":253.63119719104725},"width":362,"sublayerTransform":[1,0,0,0,0,1,0,0,0,0,1,0,0,0,0,1],"contentsRect":{"y":0,"x":0,"width":1,"height":1},"opacity":1,"edgeAntialiasingMask":0,"height":49,"hidden":false,"anchorPoint":{"pointX":0.89197069241855687,"pointY":2.9668220057935044}},"texture":"0C2DB3914A258DF33B1879150BA9BB42"}]},{"animations":[],"initialState":{"affineTransform":[1,0,0,1,0,0],"masksToBounds":false,"rotation":0,"scale":1,"position":{"pointX":364.8933801651001,"pointY":405.374267578125},"width":660.93583106994629,"sublayerTransform":[1,0,0,0,0,1,0,0,0,0,1,0,0,0,0,1],"contentsRect":{"y":0,"x":0,"width":1,"height":1},"opacity":1,"edgeAntialiasingMask":251658240,"height":507.26237297058105,"hidden":false,"anchorPoint":{"pointX":0.5,"pointY":0.5}},"layers":[{"animations":[],"layers":[],"texturedRectangle":{"singleTextureOpacity":1,"textXHeight":0.52800000000000002,"textBaseline":0.76968531912945681,"isBackgroundTexture":true,"isVerticalText":false,"textColor":[0.99990898370742798,1,0.99987810850143433,1],"textureType":6},"initialState":{"affineTransform":[1,0,0,1,0,0],"masksToBounds":false,"rotation":0,"scale":1,"position":{"pointX":330.46792602539062,"pointY":253.63119719104725},"width":119,"sublayerTransform":[1,0,0,0,0,1,0,0,0,0,1,0,0,0,0,1],"contentsRect":{"y":0,"x":0,"width":1,"height":1},"opacity":1,"edgeAntialiasingMask":0,"height":47,"hidden":false,"anchorPoint":{"pointX":2.7301965601303997,"pointY":5.1143463464655685}},"texture":"48EC1DBEFC57AF49492EE88DE8702F5A"}]},{"animations":[],"initialState":{"affineTransform":[1,0,0,1,0,0],"masksToBounds":false,"rotation":0,"scale":1,"position":{"pointX":364.8933801651001,"pointY":405.374267578125},"width":660.93583106994629,"sublayerTransform":[1,0,0,0,0,1,0,0,0,0,1,0,0,0,0,1],"contentsRect":{"y":0,"x":0,"width":1,"height":1},"opacity":1,"edgeAntialiasingMask":251658240,"height":507.26237297058105,"hidden":false,"anchorPoint":{"pointX":0.5,"pointY":0.5}},"layers":[{"animations":[],"layers":[],"texturedRectangle":{"singleTextureOpacity":1,"textXHeight":0.51700000000000002,"textBaseline":0.75996675542592129,"isBackgroundTexture":true,"isVerticalText":false,"textColor":[0.99990898370742798,1,0.99987810850143433,1],"textureType":6},"initialState":{"affineTransform":[1,0,0,1,0,0],"masksToBounds":false,"rotation":0,"scale":1,"position":{"pointX":330.46792602539062,"pointY":253.63119719104725},"width":599,"sublayerTransform":[1,0,0,0,0,1,0,0,0,0,1,0,0,0,0,1],"contentsRect":{"y":0,"x":0,"width":1,"height":1},"opacity":1,"edgeAntialiasingMask":0,"height":48,"hidden":false,"anchorPoint":{"pointX":0.46559831495078058,"pointY":-0.075535869085797458}},"texture":"843AABF94958C78F611AF31715432B94"}]},{"animations":[],"initialState":{"affineTransform":[1,0,0,1,0,0],"masksToBounds":false,"rotation":0,"scale":1,"position":{"pointX":364.8933801651001,"pointY":405.374267578125},"width":660.93583106994629,"sublayerTransform":[1,0,0,0,0,1,0,0,0,0,1,0,0,0,0,1],"contentsRect":{"y":0,"x":0,"width":1,"height":1},"opacity":1,"edgeAntialiasingMask":251658240,"height":507.26237297058105,"hidden":false,"anchorPoint":{"pointX":0.5,"pointY":0.5}},"layers":[{"animations":[],"layers":[],"texturedRectangle":{"singleTextureOpacity":1,"textXHeight":0.65305263157894733,"textBaseline":0.9485264782453765,"isBackgroundTexture":true,"isVerticalText":false,"textColor":[0.99990898370742798,1,0.99987810850143433,1],"textureType":6},"initialState":{"affineTransform":[1,0,0,1,0,0],"masksToBounds":false,"rotation":0,"scale":1,"position":{"pointX":330.46792602539062,"pointY":253.63119719104725},"width":407,"sublayerTransform":[1,0,0,0,0,1,0,0,0,0,1,0,0,0,0,1],"contentsRect":{"y":0,"x":0,"width":1,"height":1},"opacity":1,"edgeAntialiasingMask":0,"height":38,"hidden":false,"anchorPoint":{"pointX":0.79334985419046089,"pointY":1.2466915337863611}},"texture":"EED2D15B054B967DC244B70CA8EE429B"}]},{"animations":[],"initialState":{"affineTransform":[1,0,0,1,0,0],"masksToBounds":false,"rotation":0,"scale":1,"position":{"pointX":364.8933801651001,"pointY":405.374267578125},"width":660.93583106994629,"sublayerTransform":[1,0,0,0,0,1,0,0,0,0,1,0,0,0,0,1],"contentsRect":{"y":0,"x":0,"width":1,"height":1},"opacity":1,"edgeAntialiasingMask":251658240,"height":507.26237297058105,"hidden":false,"anchorPoint":{"pointX":0.5,"pointY":0.5}},"layers":[{"animations":[],"layers":[],"texturedRectangle":{"singleTextureOpacity":1,"textXHeight":0.50644897959183677,"textBaseline":0.76218776397314403,"isBackgroundTexture":true,"isVerticalText":false,"textColor":[0.99990898370742798,1,0.99987810850143433,1],"textureType":6},"initialState":{"affineTransform":[1,0,0,1,0,0],"masksToBounds":false,"rotation":0,"scale":1,"position":{"pointX":330.46792602539062,"pointY":253.63119719104725},"width":512,"sublayerTransform":[1,0,0,0,0,1,0,0,0,0,1,0,0,0,0,1],"contentsRect":{"y":0,"x":0,"width":1,"height":1},"opacity":1,"edgeAntialiasingMask":0,"height":49,"hidden":false,"anchorPoint":{"pointX":0.54276052862405777,"pointY":-3.0739943207371079}},"texture":"853D2A92C4D3BF437A7B5BBA05E84C78"}]},{"animations":[],"initialState":{"affineTransform":[1,0,0,1,0,0],"masksToBounds":false,"rotation":0,"scale":1,"position":{"pointX":364.8933801651001,"pointY":405.374267578125},"width":660.93583106994629,"sublayerTransform":[1,0,0,0,0,1,0,0,0,0,1,0,0,0,0,1],"contentsRect":{"y":0,"x":0,"width":1,"height":1},"opacity":1,"edgeAntialiasingMask":251658240,"height":507.26237297058105,"hidden":false,"anchorPoint":{"pointX":0.5,"pointY":0.5}},"layers":[{"animations":[],"layers":[],"texturedRectangle":{"singleTextureOpacity":1,"textXHeight":0.51700000000000002,"textBaseline":0.76901671557425288,"isBackgroundTexture":true,"isVerticalText":false,"textColor":[0.99990898370742798,1,0.99987810850143433,1],"textureType":6},"initialState":{"affineTransform":[1,0,0,1,0,0],"masksToBounds":false,"rotation":0,"scale":1,"position":{"pointX":330.46792602539062,"pointY":253.63119719104725},"width":619,"sublayerTransform":[1,0,0,0,0,1,0,0,0,0,1,0,0,0,0,1],"contentsRect":{"y":0,"x":0,"width":1,"height":1},"opacity":1,"edgeAntialiasingMask":0,"height":48,"hidden":false,"anchorPoint":{"pointX":0.52163714160826746,"pointY":-2.0755358690857975}},"texture":"2268473E66FE37DAC72B2B8D4F89C179"}]},{"animations":[],"initialState":{"affineTransform":[1,0,0,1,0,0],"masksToBounds":false,"rotation":0,"scale":1,"position":{"pointX":364.8933801651001,"pointY":405.374267578125},"width":660.93583106994629,"sublayerTransform":[1,0,0,0,0,1,0,0,0,0,1,0,0,0,0,1],"contentsRect":{"y":0,"x":0,"width":1,"height":1},"opacity":1,"edgeAntialiasingMask":251658240,"height":507.26237297058105,"hidden":false,"anchorPoint":{"pointX":0.5,"pointY":0.5}},"layers":[{"animations":[],"layers":[],"texturedRectangle":{"singleTextureOpacity":1,"textXHeight":0.63630769230769224,"textBaseline":0.94311791081548646,"isBackgroundTexture":true,"isVerticalText":false,"textColor":[0.99990898370742798,1,0.99987810850143433,1],"textureType":6},"initialState":{"affineTransform":[1,0,0,1,0,0],"masksToBounds":false,"rotation":0,"scale":1,"position":{"pointX":330.46792602539062,"pointY":253.63119719104725},"width":239,"sublayerTransform":[1,0,0,0,0,1,0,0,0,0,1,0,0,0,0,1],"contentsRect":{"y":0,"x":0,"width":1,"height":1},"opacity":1,"edgeAntialiasingMask":0,"height":39,"hidden":false,"anchorPoint":{"pointX":1.1669179525335462,"pointY":-5.195531326054315}},"texture":"21320AA76B9E28A44EA810DDD221F760"}]}]}}]}