{"assets":{"638D3954F03A2C16713C46FA1602BC54":{"type":"texture","index":1,"assetRequest":{"type":"slide","state":"contents","slide":"none"},"url":{"native":"assets\/E7BF23FA-13D9-4CE3-96F1-4264B9786C2F.pdf"},"width":1920,"height":1080},"CD683DFBBF95BAB6D7D4B2C752F13E27":{"type":"texture","index":0,"assetRequest":{"type":"slide","state":"contents","slide":"none"},"url":{"native":"assets\/E7BF23FA-13D9-4CE3-96F1-4264B9786C2F.pdf"},"width":1920,"height":1080}},"events":[{"effects":[{"beginTime":0,"baseLayer":{"animations":[],"initialState":{"affineTransform":[1,0,0,1,0,0],"masksToBounds":false,"rotation":0,"scale":1,"position":{"pointX":960,"pointY":540},"width":1920,"sublayerTransform":[1,0,0,0,0,1,0,0,0,0,1,0,0,0,0,1],"contentsRect":{"y":0,"x":0,"width":1,"height":1},"opacity":1,"edgeAntialiasingMask":251658240,"height":1080,"hidden":false,"anchorPoint":{"pointX":0.5,"pointY":0.5}},"objectID":"0","layers":[{"animations":[],"initialState":{"affineTransform":[1,0,0,1,0,0],"masksToBounds":false,"rotation":0,"scale":1,"position":{"pointX":960,"pointY":540},"width":1920,"sublayerTransform":[1,0,0,0,0,1,0,0,0,0,1,-0.00035007912466775983,0,0,0,1],"contentsRect":{"y":0,"x":0,"width":1,"height":1},"opacity":1,"edgeAntialiasingMask":251658240,"height":1080,"hidden":false,"anchorPoint":{"pointX":0.5,"pointY":0.5}},"layers":[{"animations":[],"layers":[],"texturedRectangle":{"isBackgroundTexture":false,"singleTextureOpacity":1,"textureType":0,"textBaseline":0,"textXHeight":0,"isVerticalText":false},"initialState":{"affineTransform":[1,0,0,1,0,0],"masksToBounds":false,"rotation":0,"scale":1,"position":{"pointX":960,"pointY":540},"width":1920,"sublayerTransform":[1,0,0,0,0,1,0,0,0,0,1,0,0,0,0,1],"contentsRect":{"y":0,"x":0,"width":1,"height":1},"opacity":1,"edgeAntialiasingMask":0,"height":1080,"hidden":false,"anchorPoint":{"pointX":0.5,"pointY":0.5}},"texture":"638D3954F03A2C16713C46FA1602BC54"},{"animations":[{"timeOffset":0,"from":{"scalar":false},"beginTime":0,"repeatCount":0,"fillMode":"both","property":"hidden","autoreverses":false,"duration":0.01,"to":{"scalar":true}}],"layers":[],"texturedRectangle":{"isBackgroundTexture":false,"singleTextureOpacity":1,"textureType":0,"textBaseline":0,"textXHeight":0,"isVerticalText":false},"initialState":{"affineTransform":[1,0,0,1,0,0],"masksToBounds":false,"rotation":0,"scale":1,"position":{"pointX":960,"pointY":540},"width":1920,"sublayerTransform":[1,0,0,0,0,1,0,0,0,0,1,0,0,0,0,1],"contentsRect":{"y":0,"x":0,"width":1,"height":1},"opacity":1,"edgeAntialiasingMask":0,"height":1080,"hidden":false,"anchorPoint":{"pointX":0.5,"pointY":0.5}},"texture":"CD683DFBBF95BAB6D7D4B2C752F13E27"}]}]},"effects":[],"duration":0.01,"type":"transition","attributes":{"direction":0},"name":"none","objectID":"0"}],"automaticPlay":false,"hyperlinks":[],"accessibility":[{"text":"Writing\/ Publications","targetRectangle":{"y":284.9542236328125,"x":956.85481879552208,"width":252.3412800000001,"height":32.233923339843727}},{"text":"Matthew N. B., Emily C., …(many other authors..)… ,Balan R., Tommer S., John R. S., Daniel S., Allissa D., Ben B.RNAMunger: A toolset for public RNA-seq data analysis.F1000Research.(Submitted)","targetRectangle":{"y":314.73083053031149,"x":1004.8548187955221,"width":868.65264000000002,"height":125.98713670568833}},{"text":"Drew R. Schield, …(many other authors) …,Balan R., Jeffery P.Demuth,Esther Betran, Marc Tollis, Jesse M. Meik, Stephen P. Mackessy, and Todd A.Castoe. The origins and evolution of chromosomes, dosage compensation, and mechanisms underlying venom regulation in snakes.Genome Research. 29 (4): pp 590-601","targetRectangle":{"y":438.26065079365509,"x":1004.8548187955221,"width":827.69471999999996,"height":185.54035050068632}},{"text":"Firneno, T.J. Jr., Ramesh, B., Emery, A.H., Roelke, C.E., Fujita, M.K. (in prep). Characterization of the parotoid gland transcriptome to explore the evolution of synthesized chemical defenses in true toads (Bufonidae).","targetRectangle":{"y":621.34368485199661,"x":1004.8548187955221,"width":891.36144000000013,"height":126.88989205359712}},{"text":"Firneno, T.J. Jr., Ramesh, B., Fujita, M.K. (in prep). Exploring convergent evolution of cardiac glycoside biosynthesis between highly disparate taxa.","targetRectangle":{"y":745.77626046324895,"x":1004.8548187955221,"width":885.12336000000005,"height":126.88989205359724}},{"text":"Balan R., Indumathi P., Gokhul V., Muthukumaran P., Yuvapriya S., Sathishkumar T.Extraction process optimization of flavonoid and in vitro amylase inhibitory effect of purified quercetin derivative from Amorphophallus paeoniifolius tubers. Journal of Applied Research on Medicinal and Aromatic Plants.(under revision) — UG","targetRectangle":{"y":870.20883607450151,"x":1004.8548187955221,"width":882.25055999999995,"height":185.5403505006866}},{"text":"Lab Work and Data Analyses","targetRectangle":{"y":303.518310546875,"x":84.924301147460938,"width":506.64192000000003,"height":44.897924804687477}},{"text":"Chapter 1 and Chapter 2","targetRectangle":{"y":345.02851699595629,"x":132.92430114746094,"width":436.73856000000001,"height":81.797924482822452}},{"text":"Bulk RNA-Seq of 20 samples and Data Analyses.","targetRectangle":{"y":423.43872312317257,"x":180.92430114746094,"width":694.82208000000014,"height":123.30813093190369}},{"text":"Analysis Pipeline development and testing.","targetRectangle":{"y":543.35913569947013,"x":180.92430114746094,"width":753.11424,"height":81.797924482822395}},{"text":"Chapter 3","targetRectangle":{"y":621.7693418266864,"x":132.92430114746094,"width":174.24671999999998,"height":81.797924482822395}},{"text":"Figured out single cell preparation from Tribolium castaneum Testes.","targetRectangle":{"y":700.17954795390267,"x":180.92430114746094,"width":699.15167999999994,"height":124.30813093190386}},{"text":"scRNA-Seq and Preliminary data analyses.","targetRectangle":{"y":820.99996050635843,"x":180.92430114746094,"width":589.77023999999994,"height":123.30813093190386}},{"text":"Progress Report","targetRectangle":{"y":79,"x":99,"width":638.86000056996943,"height":100.53440856933594}},{"text":"What did I do last year?","targetRectangle":{"y":180.44745779037476,"x":98.599999904632568,"width":615.06500000000017,"height":66.404617309570312}}],"baseLayer":{"animations":[],"initialState":{"affineTransform":[1,0,0,1,0,0],"masksToBounds":false,"rotation":0,"scale":1,"position":{"pointX":960,"pointY":540},"width":1920,"sublayerTransform":[1,0,0,0,0,1,0,0,0,0,1,0,0,0,0,1],"contentsRect":{"y":0,"x":0,"width":1,"height":1},"opacity":1,"edgeAntialiasingMask":251658240,"height":1080,"hidden":false,"anchorPoint":{"pointX":0.5,"pointY":0.5}},"objectID":"0","layers":[{"animations":[],"initialState":{"affineTransform":[1,0,0,1,0,0],"masksToBounds":false,"rotation":0,"scale":1,"position":{"pointX":960,"pointY":540},"width":1920,"sublayerTransform":[1,0,0,0,0,1,0,0,0,0,1,-0.00035007912466775983,0,0,0,1],"contentsRect":{"y":0,"x":0,"width":1,"height":1},"opacity":1,"edgeAntialiasingMask":251658240,"height":1080,"hidden":false,"anchorPoint":{"pointX":0.5,"pointY":0.5}},"layers":[{"animations":[],"layers":[],"texturedRectangle":{"isBackgroundTexture":false,"singleTextureOpacity":1,"textureType":0,"textBaseline":0,"textXHeight":0,"isVerticalText":false},"initialState":{"affineTransform":[1,0,0,1,0,0],"masksToBounds":false,"rotation":0,"scale":1,"position":{"pointX":960,"pointY":540},"width":1920,"sublayerTransform":[1,0,0,0,0,1,0,0,0,0,1,0,0,0,0,1],"contentsRect":{"y":0,"x":0,"width":1,"height":1},"opacity":1,"edgeAntialiasingMask":0,"height":1080,"hidden":false,"anchorPoint":{"pointX":0.5,"pointY":0.5}},"texture":"CD683DFBBF95BAB6D7D4B2C752F13E27"}]}]}}]}