{"assets":{"372351F3AA8EC58EEEDC468E13DAC5A8":{"type":"texture","index":2,"assetRequest":{"type":"slide","state":"contents","slide":"none"},"url":{"native":"assets\/C9813565-420D-4975-906E-FB5AEFD7C732.pdf"},"width":468,"height":105},"76A92D044A8B4C36F3CB1637E2DEDDC1":{"type":"texture","index":3,"assetRequest":{"type":"slide","state":"contents","slide":"none"},"url":{"native":"assets\/C9813565-420D-4975-906E-FB5AEFD7C732.pdf"},"width":622,"height":137},"FCA4F633F3F3A1019AC8E12F82C0260C":{"type":"texture","index":6,"assetRequest":{"type":"slide","state":"contents","slide":"none"},"url":{"native":"assets\/C9813565-420D-4975-906E-FB5AEFD7C732.pdf"},"width":170,"height":47},"3F88256960D9E4DEBDF9BB0D90A1C35F":{"type":"texture","index":7,"assetRequest":{"type":"slide","state":"contents","slide":"none"},"url":{"native":"assets\/C9813565-420D-4975-906E-FB5AEFD7C732.pdf"},"width":645,"height":482},"5BA6DF7ACEF516F7DAB78587CF30CE20":{"type":"texture","index":0,"assetRequest":{"type":"slide","state":"contents","slide":"none"},"url":{"native":"assets\/C9813565-420D-4975-906E-FB5AEFD7C732.pdf"},"width":1920,"height":1080},"4E61AAC7FAA0FA2C829401DB016691DE":{"type":"texture","index":8,"assetRequest":{"type":"slide","state":"contents","slide":"none"},"url":{"native":"assets\/C9813565-420D-4975-906E-FB5AEFD7C732.pdf"},"width":1920,"height":1080},"3D1DAC2335D5B3BD195414F16F655820":{"type":"texture","index":1,"assetRequest":{"type":"slide","state":"contents","slide":"none"},"url":{"native":"assets\/C9813565-420D-4975-906E-FB5AEFD7C732.pdf"},"width":468,"height":105},"EB6B7E22ED0A8E614E9F0AE37C39F53E":{"type":"texture","index":4,"assetRequest":{"type":"slide","state":"contents","slide":"none"},"url":{"native":"assets\/C9813565-420D-4975-906E-FB5AEFD7C732.pdf"},"width":446,"height":1174},"1255960DEAC29CF3D2D1AA6EB4EEA397":{"type":"texture","index":9,"assetRequest":{"type":"slide","state":"contents","slide":"none"},"url":{"native":"assets\/C9813565-420D-4975-906E-FB5AEFD7C732.pdf"},"width":1920,"height":1080},"CFD5E5C4358D0ECC7C4EAD5B87C1EF49":{"type":"texture","index":5,"assetRequest":{"type":"slide","state":"contents","slide":"none"},"url":{"native":"assets\/C9813565-420D-4975-906E-FB5AEFD7C732.pdf"},"width":181,"height":48}},"events":[{"effects":[{"beginTime":0,"baseLayer":{"animations":[],"initialState":{"affineTransform":[1,0,0,1,0,0],"masksToBounds":false,"rotation":0,"scale":1,"position":{"pointX":356.92546463012695,"pointY":392.74308109283447},"width":645,"sublayerTransform":[1,0,0,0,0,1,0,0,0,0,1,0,0,0,0,1],"contentsRect":{"y":0,"x":0,"width":1,"height":1},"opacity":1,"edgeAntialiasingMask":251658240,"height":482,"hidden":false,"anchorPoint":{"pointX":0.5,"pointY":0.5}},"objectID":"D1CCBF07-A8A5-4B81-8F8D-08BDA9B695BC","layers":[{"animations":[],"initialState":{"affineTransform":[1,0,0,1,0,0],"masksToBounds":false,"rotation":0,"scale":1,"position":{"pointX":925.57453536987305,"pointY":388.25691890716553},"width":645,"sublayerTransform":[1,0,0,0,0,1,0,0,0,0,1,-0.00035007912466775983,0,0,0,1],"contentsRect":{"y":0,"x":0,"width":1,"height":1},"opacity":1,"edgeAntialiasingMask":251658240,"height":482,"hidden":false,"anchorPoint":{"pointX":1.4349992796432141,"pointY":0.80551227989038487}},"layers":[{"animations":[{"timeOffset":0,"beginTime":1e-100,"repeatCount":0,"animations":[{"timeOffset":0,"from":{"scalar":true},"beginTime":0,"repeatCount":0,"fillMode":"both","property":"hidden","autoreverses":false,"duration":0.0001,"to":{"scalar":false}},{"timeOffset":0,"from":{"scalar":false},"beginTime":0.0001,"repeatCount":0,"fillMode":"forwards","property":"hidden","autoreverses":false,"duration":0.0099000000000000008,"to":{"scalar":false}}],"fillMode":"both","autoreverses":false,"duration":0.01}],"layers":[],"texturedRectangle":{"singleTextureOpacity":1,"textXHeight":0.051485477178423236,"textBaseline":0.99539750730664722,"isBackgroundTexture":true,"isVerticalText":false,"textColor":[0.99990898370742798,1,0.99987810850143433,1],"textureType":6},"initialState":{"affineTransform":[1,0,0,1,0,0],"masksToBounds":false,"rotation":0,"scale":1,"position":{"pointX":328.07453536987305,"pointY":254.25691890716553},"width":645,"sublayerTransform":[1,0,0,0,0,1,0,0,0,0,1,0,0,0,0,1],"contentsRect":{"y":0,"x":0,"width":1,"height":1},"opacity":1,"edgeAntialiasingMask":0,"height":482,"hidden":true,"anchorPoint":{"pointX":0.5,"pointY":0.5}},"texture":"3F88256960D9E4DEBDF9BB0D90A1C35F"}]}]},"effects":[],"duration":0.01,"type":"buildIn","attributes":{"direction":0},"name":"apple:bc-appear","objectID":"D1CCBF07-A8A5-4B81-8F8D-08BDA9B695BC"}],"automaticPlay":false,"hyperlinks":[],"accessibility":[{"text":"Results","targetRectangle":{"y":993.12371826171875,"x":877.29809664819777,"width":165.4079999999999,"height":56.607666015625}},{"text":"Analysis","targetRectangle":{"y":213.5539538860321,"x":871.05999755859375,"width":176.88000000000011,"height":55.656005859375}},{"text":"Pipeline","targetRectangle":{"y":794.06378054618835,"x":874.61199951171875,"width":169.77600000000007,"height":55.656005859375}},{"text":"Dosage Compensation ","targetRectangle":{"y":12.840454816818237,"x":40.268077850341797,"width":614.07500000000005,"height":66.404617309570312}},{"text":"Pipeline","targetRectangle":{"y":80.840454816818237,"x":40.268077850341797,"width":208.61499999999998,"height":66.404617309570312}},{"text":"Raw Data","targetRectangle":{"y":28.986567497253418,"x":852.41009664819774,"width":215.18400000000008,"height":56.607666015625}}],"baseLayer":{"animations":[],"initialState":{"affineTransform":[1,0,0,1,0,0],"masksToBounds":false,"rotation":0,"scale":1,"position":{"pointX":960,"pointY":540},"width":1920,"sublayerTransform":[1,0,0,0,0,1,0,0,0,0,1,0,0,0,0,1],"contentsRect":{"y":0,"x":0,"width":1,"height":1},"opacity":1,"edgeAntialiasingMask":251658240,"height":1080,"hidden":false,"anchorPoint":{"pointX":0.5,"pointY":0.5}},"layers":[{"animations":[],"initialState":{"affineTransform":[1,0,0,1,0,0],"masksToBounds":false,"rotation":0,"scale":1,"position":{"pointX":960,"pointY":540},"width":1920,"sublayerTransform":[1,0,0,0,0,1,0,0,0,0,1,0,0,0,0,1],"contentsRect":{"y":0,"x":0,"width":1,"height":1},"opacity":1,"edgeAntialiasingMask":251658240,"height":1080,"hidden":false,"anchorPoint":{"pointX":0.5,"pointY":0.5}},"layers":[{"animations":[],"initialState":{"affineTransform":[1,0,0,1,0,0],"masksToBounds":false,"rotation":0,"scale":1,"position":{"pointX":960,"pointY":540},"width":1920,"sublayerTransform":[1,0,0,0,0,1,0,0,0,0,1,0,0,0,0,1],"contentsRect":{"y":0,"x":0,"width":1,"height":1},"opacity":1,"edgeAntialiasingMask":251658240,"height":1080,"hidden":false,"anchorPoint":{"pointX":0.5,"pointY":0.5}},"layers":[{"animations":[],"layers":[],"texturedRectangle":{"isBackgroundTexture":true,"singleTextureOpacity":1,"textureType":1,"textBaseline":0,"textXHeight":0,"isVerticalText":false},"initialState":{"affineTransform":[1,0,0,1,0,0],"masksToBounds":false,"rotation":0,"scale":1,"position":{"pointX":960,"pointY":540},"width":1920,"sublayerTransform":[1,0,0,0,0,1,0,0,0,0,1,0,0,0,0,1],"contentsRect":{"y":0,"x":0,"width":1,"height":1},"opacity":1,"edgeAntialiasingMask":0,"height":1080,"hidden":false,"anchorPoint":{"pointX":0.5,"pointY":0.5}},"texture":"5BA6DF7ACEF516F7DAB78587CF30CE20"}]}]},{"animations":[],"initialState":{"affineTransform":[1,0,0,1,0,0],"masksToBounds":false,"rotation":0,"scale":1,"position":{"pointX":960,"pointY":540},"width":1920,"sublayerTransform":[1,0,0,0,0,1,0,0,0,0,1,0,0,0,0,1],"contentsRect":{"y":0,"x":0,"width":1,"height":1},"opacity":1,"edgeAntialiasingMask":251658240,"height":1080,"hidden":false,"anchorPoint":{"pointX":0.5,"pointY":0.5}},"layers":[{"animations":[],"initialState":{"affineTransform":[1,0,0,1,0,0],"masksToBounds":false,"rotation":0,"scale":1,"position":{"pointX":961.28289794921875,"pointY":59.486567497253418},"width":468,"sublayerTransform":[1,0,0,0,0,1,0,0,0,0,1,0,0,0,0,1],"contentsRect":{"y":0,"x":0,"width":1,"height":1},"opacity":1,"edgeAntialiasingMask":251658240,"height":105,"hidden":false,"anchorPoint":{"pointX":0.5,"pointY":0.5}},"layers":[{"animations":[],"layers":[],"texturedRectangle":{"singleTextureOpacity":1,"textXHeight":0,"shapePath":{"lineWidth":1,"flatness":0.59999999999999998,"lineCapStyle":0,"elements":[{"type":"MoveToPoint","points":[[18.990086787366863,1.986567497253418]]},{"type":"AddLine","points":[[449.00997424778939,1.986567497253418]]},{"type":"AddCurve","points":[[454.20613559952153,1.986567497253418],[457.3238324105605,1.986567497253418],[459.40229695125345,2.8542985506463232]]},{"type":"AddCurve","points":[[462.39858321302677,3.9448575632725547],[464.75887301991838,6.3051473701641605],[465.84943203254466,9.3014336319374546]]},{"type":"AddCurve","points":[[466.7171630859375,11.37989817263027],[466.7171630859375,14.497594983669494],[466.7171630859375,19.693756335401535]]},{"type":"AddLine","points":[[466.7171630859375,86.16911864933968]]},{"type":"AddCurve","points":[[466.7171630859375,91.36528000107171],[466.7171630859375,94.482976812110934],[465.84943203254466,96.561441352803755]]},{"type":"AddCurve","points":[[464.75887301991838,99.557727614577047],[462.39858321302677,101.91801742146866],[459.40229695125345,103.00857643409489]]},{"type":"AddCurve","points":[[457.3238324105605,103.87630748748779],[454.20613559952153,103.87630748748779],[449.00997424778939,103.87630748748779]]},{"type":"AddLine","points":[[18.990086787366863,103.87630748748779]]},{"type":"AddCurve","points":[[13.793925435634833,103.87630748748779],[10.676228624595637,103.87630748748779],[8.5977640839028027,103.00857643409489]]},{"type":"AddCurve","points":[[5.6014778221294819,101.91801742146866],[3.2411880152378671,99.557727614577047],[2.1506290026117085,96.561441352803755]]},{"type":"AddCurve","points":[[1.28289794921875,94.482976812110934],[1.28289794921875,91.36528000107171],[1.28289794921875,86.16911864933968]]},{"type":"AddLine","points":[[1.28289794921875,19.693756335401535]]},{"type":"AddCurve","points":[[1.28289794921875,14.497594983669494],[1.28289794921875,11.37989817263027],[2.1506290026117085,9.3014336319374529]]},{"type":"AddCurve","points":[[3.2411880152378671,6.3051473701641552],[5.6014778221294819,3.9448575632725529],[8.5977640839028027,2.8542985506463232]]},{"type":"AddCurve","points":[[10.676228624595637,1.986567497253418],[13.793925435634833,1.986567497253418],[18.990086787366863,1.986567497253418]]},{"type":"CloseSubpath"},{"type":"MoveToPoint","points":[[18.990086787366863,1.986567497253418]]}],"windingRule":0,"lineJoinStyle":0,"miterLimit":10},"isBackgroundTexture":true,"textBaseline":0,"isVerticalText":false,"textureType":5},"initialState":{"affineTransform":[1,0,0,1,0,0],"masksToBounds":false,"rotation":0,"scale":1,"position":{"pointX":232.71710205078125,"pointY":50.513432502746582},"width":468,"sublayerTransform":[1,0,0,0,0,1,0,0,0,0,1,0,0,0,0,1],"contentsRect":{"y":0,"x":0,"width":1,"height":1},"opacity":1,"edgeAntialiasingMask":0,"height":105,"hidden":false,"anchorPoint":{"pointX":0.5,"pointY":0.5}},"texture":"3D1DAC2335D5B3BD195414F16F655820"}]}]},{"animations":[],"initialState":{"affineTransform":[1,0,0,1,0,0],"masksToBounds":false,"rotation":0,"scale":1,"position":{"pointX":960,"pointY":540},"width":1920,"sublayerTransform":[1,0,0,0,0,1,0,0,0,0,1,0,0,0,0,1],"contentsRect":{"y":0,"x":0,"width":1,"height":1},"opacity":1,"edgeAntialiasingMask":251658240,"height":1080,"hidden":false,"anchorPoint":{"pointX":0.5,"pointY":0.5}},"layers":[{"animations":[],"initialState":{"affineTransform":[1,0,0,1,0,0],"masksToBounds":false,"rotation":0,"scale":1,"position":{"pointX":961.28289794921875,"pointY":1023.6237182617188},"width":468,"sublayerTransform":[1,0,0,0,0,1,0,0,0,0,1,0,0,0,0,1],"contentsRect":{"y":0,"x":0,"width":1,"height":1},"opacity":1,"edgeAntialiasingMask":251658240,"height":105,"hidden":false,"anchorPoint":{"pointX":0.5,"pointY":0.5}},"layers":[{"animations":[],"layers":[],"texturedRectangle":{"singleTextureOpacity":1,"textXHeight":0,"shapePath":{"lineWidth":1,"flatness":0.59999999999999998,"lineCapStyle":0,"elements":[{"type":"MoveToPoint","points":[[18.990086787366863,1.12371826171875]]},{"type":"AddLine","points":[[449.00997424778939,1.12371826171875]]},{"type":"AddCurve","points":[[454.20613559952153,1.12371826171875],[457.3238324105605,1.12371826171875],[459.40229695125345,1.9914493151117085]]},{"type":"AddCurve","points":[[462.39858321302677,3.0820083277378671],[464.75887301991838,5.4422981346294819],[465.84943203254466,8.4385843964028027]]},{"type":"AddCurve","points":[[466.7171630859375,10.517048937095637],[466.7171630859375,13.634745748134833],[466.7171630859375,18.830907099866863]]},{"type":"AddLine","points":[[466.7171630859375,85.306269413805012]]},{"type":"AddCurve","points":[[466.7171630859375,90.502430765537156],[466.7171630859375,93.620127576576351],[465.84943203254466,95.698592117269072]]},{"type":"AddCurve","points":[[464.75887301991838,98.694878379042393],[462.39858321302677,101.05516818593401],[459.40229695125345,102.14572719856028]]},{"type":"AddCurve","points":[[457.3238324105605,103.01345825195312],[454.20613559952153,103.01345825195312],[449.00997424778939,103.01345825195312]]},{"type":"AddLine","points":[[18.990086787366863,103.01345825195312]]},{"type":"AddCurve","points":[[13.793925435634833,103.01345825195312],[10.676228624595637,103.01345825195312],[8.5977640839028027,102.14572719856028]]},{"type":"AddCurve","points":[[5.6014778221294819,101.05516818593401],[3.2411880152378671,98.694878379042393],[2.1506290026117085,95.698592117269072]]},{"type":"AddCurve","points":[[1.28289794921875,93.620127576576351],[1.28289794921875,90.502430765537156],[1.28289794921875,85.306269413805012]]},{"type":"AddLine","points":[[1.28289794921875,18.830907099866863]]},{"type":"AddCurve","points":[[1.28289794921875,13.634745748134833],[1.28289794921875,10.517048937095637],[2.1506290026117085,8.4385843964028027]]},{"type":"AddCurve","points":[[3.2411880152378671,5.4422981346294819],[5.6014778221294819,3.0820083277378671],[8.5977640839028027,1.9914493151117085]]},{"type":"AddCurve","points":[[10.676228624595637,1.12371826171875],[13.793925435634833,1.12371826171875],[18.990086787366863,1.12371826171875]]},{"type":"CloseSubpath"},{"type":"MoveToPoint","points":[[18.990086787366863,1.12371826171875]]}],"windingRule":0,"lineJoinStyle":0,"miterLimit":10},"isBackgroundTexture":true,"textBaseline":0,"isVerticalText":false,"textureType":5},"initialState":{"affineTransform":[1,0,0,1,0,0],"masksToBounds":false,"rotation":0,"scale":1,"position":{"pointX":232.71710205078125,"pointY":51.37628173828125},"width":468,"sublayerTransform":[1,0,0,0,0,1,0,0,0,0,1,0,0,0,0,1],"contentsRect":{"y":0,"x":0,"width":1,"height":1},"opacity":1,"edgeAntialiasingMask":0,"height":105,"hidden":false,"anchorPoint":{"pointX":0.5,"pointY":0.5}},"texture":"372351F3AA8EC58EEEDC468E13DAC5A8"}]}]},{"animations":[],"initialState":{"affineTransform":[1,0,0,1,0,0],"masksToBounds":false,"rotation":0,"scale":1,"position":{"pointX":960,"pointY":540},"width":1920,"sublayerTransform":[1,0,0,0,0,1,0,0,0,0,1,0,0,0,0,1],"contentsRect":{"y":0,"x":0,"width":1,"height":1},"opacity":1,"edgeAntialiasingMask":251658240,"height":1080,"hidden":false,"anchorPoint":{"pointX":0.5,"pointY":0.5}},"layers":[{"animations":[],"initialState":{"affineTransform":[1,0,0,1,0,0],"masksToBounds":false,"rotation":0,"scale":1,"position":{"pointX":347.2680778503418,"pointY":77.340454816818237},"width":622,"sublayerTransform":[1,0,0,0,0,1,0,0,0,0,1,0,0,0,0,1],"contentsRect":{"y":0,"x":0,"width":1,"height":1},"opacity":1,"edgeAntialiasingMask":251658240,"height":137,"hidden":false,"anchorPoint":{"pointX":0.5,"pointY":0.5}},"layers":[{"animations":[],"layers":[],"texturedRectangle":{"singleTextureOpacity":1,"textXHeight":0.20755474452554742,"textBaseline":0.90007543041758298,"isBackgroundTexture":true,"isVerticalText":false,"textColor":[0.99990898370742798,1,0.99987810850143433,1],"textureType":6},"initialState":{"affineTransform":[1,0,0,1,0,0],"masksToBounds":false,"rotation":0,"scale":1,"position":{"pointX":314.7319221496582,"pointY":71.659545183181763},"width":622,"sublayerTransform":[1,0,0,0,0,1,0,0,0,0,1,0,0,0,0,1],"contentsRect":{"y":0,"x":0,"width":1,"height":1},"opacity":1,"edgeAntialiasingMask":0,"height":137,"hidden":false,"anchorPoint":{"pointX":0.5,"pointY":0.5}},"texture":"76A92D044A8B4C36F3CB1637E2DEDDC1"}]}]},{"animations":[],"initialState":{"affineTransform":[1,0,0,1,0,0],"masksToBounds":false,"rotation":0,"scale":1,"position":{"pointX":960,"pointY":540},"width":1920,"sublayerTransform":[1,0,0,0,0,1,0,0,0,0,1,0,0,0,0,1],"contentsRect":{"y":0,"x":0,"width":1,"height":1},"opacity":1,"edgeAntialiasingMask":251658240,"height":1080,"hidden":false,"anchorPoint":{"pointX":0.5,"pointY":0.5}},"layers":[{"animations":[],"initialState":{"affineTransform":[1,0,0,1,0,0],"masksToBounds":false,"rotation":0,"scale":1,"position":{"pointX":962.13458251953125,"pointY":545.48317718505859},"width":446,"sublayerTransform":[1,0,0,0,0,1,0,0,0,0,1,0,0,0,0,1],"contentsRect":{"y":0,"x":0,"width":1,"height":1},"opacity":1,"edgeAntialiasingMask":251658240,"height":1174,"hidden":false,"anchorPoint":{"pointX":0.5,"pointY":0.5}},"layers":[{"animations":[],"layers":[],"texturedRectangle":{"isBackgroundTexture":true,"singleTextureOpacity":1,"textureType":5,"textBaseline":0,"textXHeight":0,"isVerticalText":false},"initialState":{"affineTransform":[1,0,0,1,0,0],"masksToBounds":false,"rotation":0,"scale":1,"position":{"pointX":220.86541748046875,"pointY":585.51682281494141},"width":446,"sublayerTransform":[1,0,0,0,0,1,0,0,0,0,1,0,0,0,0,1],"contentsRect":{"y":0,"x":0,"width":1,"height":1},"opacity":1,"edgeAntialiasingMask":0,"height":1174,"hidden":false,"anchorPoint":{"pointX":0.5,"pointY":0.5}},"texture":"EB6B7E22ED0A8E614E9F0AE37C39F53E"}]}]},{"animations":[],"initialState":{"affineTransform":[1,0,0,1,0,0],"masksToBounds":false,"rotation":0,"scale":1,"position":{"pointX":960,"pointY":540},"width":1920,"sublayerTransform":[1,0,0,0,0,1,0,0,0,0,1,0,0,0,0,1],"contentsRect":{"y":0,"x":0,"width":1,"height":1},"opacity":1,"edgeAntialiasingMask":251658240,"height":1080,"hidden":false,"anchorPoint":{"pointX":0.5,"pointY":0.5}},"layers":[{"animations":[],"initialState":{"affineTransform":[1,0,0,1,0,0],"masksToBounds":false,"rotation":0,"scale":1,"position":{"pointX":957.55999755859375,"pointY":233.5539538860321},"width":181,"sublayerTransform":[1,0,0,0,0,1,0,0,0,0,1,0,0,0,0,1],"contentsRect":{"y":0,"x":0,"width":1,"height":1},"opacity":1,"edgeAntialiasingMask":251658240,"height":48,"hidden":false,"anchorPoint":{"pointX":0.5,"pointY":0.5}},"layers":[{"animations":[],"layers":[],"texturedRectangle":{"singleTextureOpacity":1,"textXHeight":0.51700000000000002,"textBaseline":0.74971005817254388,"isBackgroundTexture":true,"isVerticalText":false,"textColor":[0,0,0,1],"textureType":6},"initialState":{"affineTransform":[1,0,0,1,0,0],"masksToBounds":false,"rotation":0,"scale":1,"position":{"pointX":92.44000244140625,"pointY":37.446046113967896},"width":181,"sublayerTransform":[1,0,0,0,0,1,0,0,0,0,1,0,0,0,0,1],"contentsRect":{"y":0,"x":0,"width":1,"height":1},"opacity":1,"edgeAntialiasingMask":0,"height":48,"hidden":false,"anchorPoint":{"pointX":0.5,"pointY":0.5}},"texture":"CFD5E5C4358D0ECC7C4EAD5B87C1EF49"}]}]},{"animations":[],"initialState":{"affineTransform":[1,0,0,1,0,0],"masksToBounds":false,"rotation":0,"scale":1,"position":{"pointX":960,"pointY":540},"width":1920,"sublayerTransform":[1,0,0,0,0,1,0,0,0,0,1,0,0,0,0,1],"contentsRect":{"y":0,"x":0,"width":1,"height":1},"opacity":1,"edgeAntialiasingMask":251658240,"height":1080,"hidden":false,"anchorPoint":{"pointX":0.5,"pointY":0.5}},"layers":[{"animations":[],"initialState":{"affineTransform":[1,0,0,1,0,0],"masksToBounds":false,"rotation":0,"scale":1,"position":{"pointX":955.61199951171875,"pointY":813.56378054618835},"width":170,"sublayerTransform":[1,0,0,0,0,1,0,0,0,0,1,0,0,0,0,1],"contentsRect":{"y":0,"x":0,"width":1,"height":1},"opacity":1,"edgeAntialiasingMask":251658240,"height":47,"hidden":false,"anchorPoint":{"pointX":0.5,"pointY":0.5}},"layers":[{"animations":[],"layers":[],"texturedRectangle":{"singleTextureOpacity":1,"textXHeight":0.52800000000000002,"textBaseline":0.75523211600932671,"isBackgroundTexture":true,"isVerticalText":false,"textColor":[0,0,0,1],"textureType":6},"initialState":{"affineTransform":[1,0,0,1,0,0],"masksToBounds":false,"rotation":0,"scale":1,"position":{"pointX":90.38800048828125,"pointY":37.436219453811646},"width":170,"sublayerTransform":[1,0,0,0,0,1,0,0,0,0,1,0,0,0,0,1],"contentsRect":{"y":0,"x":0,"width":1,"height":1},"opacity":1,"edgeAntialiasingMask":0,"height":47,"hidden":false,"anchorPoint":{"pointX":0.5,"pointY":0.5}},"texture":"FCA4F633F3F3A1019AC8E12F82C0260C"}]}]},{"animations":[],"initialState":{"affineTransform":[1,0,0,1,0,0],"masksToBounds":false,"rotation":0,"scale":1,"position":{"pointX":960,"pointY":540},"width":1920,"sublayerTransform":[1,0,0,0,0,1,0,0,0,0,1,0,0,0,0,1],"contentsRect":{"y":0,"x":0,"width":1,"height":1},"opacity":1,"edgeAntialiasingMask":251658240,"height":1080,"hidden":false,"anchorPoint":{"pointX":0.5,"pointY":0.5}},"layers":[{"animations":[],"initialState":{"affineTransform":[1,0,0,1,0,0],"masksToBounds":false,"rotation":0,"scale":1,"position":{"pointX":356.92546463012695,"pointY":392.74308109283447},"width":645,"sublayerTransform":[1,0,0,0,0,1,0,0,0,0,1,0,0,0,0,1],"contentsRect":{"y":0,"x":0,"width":1,"height":1},"opacity":1,"edgeAntialiasingMask":251658240,"height":482,"hidden":false,"anchorPoint":{"pointX":0.5,"pointY":0.5}},"objectID":"D1CCBF07-A8A5-4B81-8F8D-08BDA9B695BC","layers":[{"animations":[],"layers":[],"texturedRectangle":{"singleTextureOpacity":1,"textXHeight":0.051485477178423236,"textBaseline":0.99539750730664722,"isBackgroundTexture":true,"isVerticalText":false,"textColor":[0.99990898370742798,1,0.99987810850143433,1],"textureType":6},"initialState":{"affineTransform":[1,0,0,1,0,0],"masksToBounds":false,"rotation":0,"scale":1,"position":{"pointX":328.07453536987305,"pointY":254.25691890716553},"width":645,"sublayerTransform":[1,0,0,0,0,1,0,0,0,0,1,0,0,0,0,1],"contentsRect":{"y":0,"x":0,"width":1,"height":1},"opacity":1,"edgeAntialiasingMask":0,"height":482,"hidden":true,"anchorPoint":{"pointX":0.5,"pointY":0.5}},"texture":"3F88256960D9E4DEBDF9BB0D90A1C35F"}]}]}]}},{"effects":[{"beginTime":0,"baseLayer":{"animations":[],"initialState":{"affineTransform":[1,0,0,1,0,0],"masksToBounds":false,"rotation":0,"scale":1,"position":{"pointX":960,"pointY":540},"width":1920,"sublayerTransform":[1,0,0,0,0,1,0,0,0,0,1,0,0,0,0,1],"contentsRect":{"y":0,"x":0,"width":1,"height":1},"opacity":1,"edgeAntialiasingMask":251658240,"height":1080,"hidden":false,"anchorPoint":{"pointX":0.5,"pointY":0.5}},"objectID":"0","layers":[{"animations":[],"initialState":{"affineTransform":[1,0,0,1,0,0],"masksToBounds":false,"rotation":0,"scale":1,"position":{"pointX":960,"pointY":540},"width":1920,"sublayerTransform":[1,0,0,0,0,1,0,0,0,0,1,-0.00035007912466775983,0,0,0,1],"contentsRect":{"y":0,"x":0,"width":1,"height":1},"opacity":1,"edgeAntialiasingMask":251658240,"height":1080,"hidden":false,"anchorPoint":{"pointX":0.5,"pointY":0.5}},"layers":[{"animations":[],"layers":[],"texturedRectangle":{"isBackgroundTexture":false,"singleTextureOpacity":1,"textureType":0,"textBaseline":0,"textXHeight":0,"isVerticalText":false},"initialState":{"affineTransform":[1,0,0,1,0,0],"masksToBounds":false,"rotation":0,"scale":1,"position":{"pointX":960,"pointY":540},"width":1920,"sublayerTransform":[1,0,0,0,0,1,0,0,0,0,1,0,0,0,0,1],"contentsRect":{"y":0,"x":0,"width":1,"height":1},"opacity":1,"edgeAntialiasingMask":0,"height":1080,"hidden":false,"anchorPoint":{"pointX":0.5,"pointY":0.5}},"texture":"1255960DEAC29CF3D2D1AA6EB4EEA397"},{"animations":[{"timeOffset":0,"from":{"scalar":false},"beginTime":0,"repeatCount":0,"fillMode":"both","property":"hidden","autoreverses":false,"duration":0.01,"to":{"scalar":true}}],"layers":[],"texturedRectangle":{"isBackgroundTexture":false,"singleTextureOpacity":1,"textureType":0,"textBaseline":0,"textXHeight":0,"isVerticalText":false},"initialState":{"affineTransform":[1,0,0,1,0,0],"masksToBounds":false,"rotation":0,"scale":1,"position":{"pointX":960,"pointY":540},"width":1920,"sublayerTransform":[1,0,0,0,0,1,0,0,0,0,1,0,0,0,0,1],"contentsRect":{"y":0,"x":0,"width":1,"height":1},"opacity":1,"edgeAntialiasingMask":0,"height":1080,"hidden":false,"anchorPoint":{"pointX":0.5,"pointY":0.5}},"texture":"4E61AAC7FAA0FA2C829401DB016691DE"}]}]},"effects":[],"duration":0.01,"type":"transition","attributes":{"direction":0},"name":"none","objectID":"0"}],"automaticPlay":false,"hyperlinks":[],"accessibility":[{"text":"Results","targetRectangle":{"y":993.12371826171875,"x":877.29809664819777,"width":165.4079999999999,"height":56.607666015625}},{"text":"Analysis","targetRectangle":{"y":213.5539538860321,"x":871.05999755859375,"width":176.88000000000011,"height":55.656005859375}},{"text":"Pipeline","targetRectangle":{"y":794.06378054618835,"x":874.61199951171875,"width":169.77600000000007,"height":55.656005859375}},{"text":"Dosage Compensation ","targetRectangle":{"y":12.840454816818237,"x":40.268077850341797,"width":614.07500000000005,"height":66.404617309570312}},{"text":"Pipeline","targetRectangle":{"y":80.840454816818237,"x":40.268077850341797,"width":208.61499999999998,"height":66.404617309570312}},{"text":"Input:","targetRectangle":{"y":155.74308109283447,"x":38.425464630126953,"width":122.73599999999999,"height":55.656005859375}},{"text":"RNA-Seq Data","targetRectangle":{"y":207.17747917995439,"x":86.425464630126953,"width":316.464,"height":100.656005859375}},{"text":"Newick Tree with divergence estimate in MYA","targetRectangle":{"y":303.61187726707431,"x":86.425464630126953,"width":596.11200000000008,"height":152.09040394649492}},{"text":"At least one species with a reference transcriptome annotation.","targetRectangle":{"y":451.48067344131414,"x":86.425464630126953,"width":586.70399999999995,"height":203.52480203361483}},{"text":"Raw Data","targetRectangle":{"y":28.986567497253418,"x":852.41009664819774,"width":215.18400000000008,"height":56.607666015625}}],"baseLayer":{"animations":[],"initialState":{"affineTransform":[1,0,0,1,0,0],"masksToBounds":false,"rotation":0,"scale":1,"position":{"pointX":960,"pointY":540},"width":1920,"sublayerTransform":[1,0,0,0,0,1,0,0,0,0,1,0,0,0,0,1],"contentsRect":{"y":0,"x":0,"width":1,"height":1},"opacity":1,"edgeAntialiasingMask":251658240,"height":1080,"hidden":false,"anchorPoint":{"pointX":0.5,"pointY":0.5}},"objectID":"0","layers":[{"animations":[],"initialState":{"affineTransform":[1,0,0,1,0,0],"masksToBounds":false,"rotation":0,"scale":1,"position":{"pointX":960,"pointY":540},"width":1920,"sublayerTransform":[1,0,0,0,0,1,0,0,0,0,1,-0.00035007912466775983,0,0,0,1],"contentsRect":{"y":0,"x":0,"width":1,"height":1},"opacity":1,"edgeAntialiasingMask":251658240,"height":1080,"hidden":false,"anchorPoint":{"pointX":0.5,"pointY":0.5}},"layers":[{"animations":[],"layers":[],"texturedRectangle":{"isBackgroundTexture":false,"singleTextureOpacity":1,"textureType":0,"textBaseline":0,"textXHeight":0,"isVerticalText":false},"initialState":{"affineTransform":[1,0,0,1,0,0],"masksToBounds":false,"rotation":0,"scale":1,"position":{"pointX":960,"pointY":540},"width":1920,"sublayerTransform":[1,0,0,0,0,1,0,0,0,0,1,0,0,0,0,1],"contentsRect":{"y":0,"x":0,"width":1,"height":1},"opacity":1,"edgeAntialiasingMask":0,"height":1080,"hidden":false,"anchorPoint":{"pointX":0.5,"pointY":0.5}},"texture":"4E61AAC7FAA0FA2C829401DB016691DE"}]}]}}]}